Workbook

Sheet 1ST ORDER
B1: 1ST ORDER | F1: SILVER COMPOSITE TEXTILE MILLS LTD. (UNIT-01)
E2: 1ST ORDER CUTTING & INPUT REPORT | L2: 46190
B3: Buyer | C3: Style | D3: P.O No. | E3: Color | F3: Description | G3: XS | H3: S | I3: M | J3: L | K3: XL | L3: Total | M3: REMARKS
B4: GREENSOURCE | C4: SHACKET-G074 | D4: 14220+22 | E4: WILD ONE | F4: 1ST ORDER QUANTITY. | G4: ='WILD ONE'!K3+'WILD ONE'!K44 -> 4134 | H4: ='WILD ONE'!L3+'WILD ONE'!L44 -> 4134 | I4: ='WILD ONE'!M3+'WILD ONE'!M44 -> 6201 | J4: ='WILD ONE'!N3+'WILD ONE'!N44 -> 6201 | K4: ='WILD ONE'!O3+'WILD ONE'!O44 -> 4134 | L4: =SUM(G4:K4) -> 24804
F5: 1ST CUTTING QUANTITY. | G5: ='WILD ONE'!K40+'WILD ONE'!K119 -> 4176 | H5: ='WILD ONE'!L40+'WILD ONE'!L119 -> 4176 | I5: ='WILD ONE'!M40+'WILD ONE'!M119 -> 6264 | J5: ='WILD ONE'!N40+'WILD ONE'!N119 -> 6264 | K5: ='WILD ONE'!O40+'WILD ONE'!O119 -> 4176 | L5: =SUM(G5:K5) -> 25056
F6: ORDER QTY. TO CUTTING BALANCE= | G6: =G5-G4 -> 42 | H6: =H5-H4 -> 42 | I6: =I5-I4 -> 63 | J6: =J5-J4 -> 63 | K6: =K5-K4 -> 42 | L6: =SUM(G6:K6) -> 252
F7: INPUT QUANTITY. | G7: ='WILD ONE'!K40+'WILD ONE'!K119 -> 4176 | H7: ='WILD ONE'!L40+'WILD ONE'!L119 -> 4176 | I7: ='WILD ONE'!M40+'WILD ONE'!M119 -> 6264 | J7: ='WILD ONE'!N40+'WILD ONE'!N119 -> 6264 | K7: ='WILD ONE'!O40+'WILD ONE'!O119 -> 4176 | L7: =SUM(G7:K7) -> 25056
F8: CUTTING TO INPUT BALANCE= | G8: =G7-G5 -> 0 | H8: =H7-H5 -> 0 | I8: =I7-I5 -> 0 | J8: =J7-J5 -> 0 | K8: =K7-K5 -> 0 | L8: =SUM(G8:K8) -> 0
B10: Buyer | C10: Style | D10: P.O No. | E10: Color | F10: Description | G10: XS | H10: S | I10: M | J10: L | K10: XL | L10: Total | M10: REMARKS
B11: GREENSOURCE | C11: SHACKET-G074 | D11: 14220+22 | E11: WANDER IKAT | F11: 1ST ORDER QUANTITY. | G11: ='WANDER IKAT'!K3+'WANDER IKAT'!K45 -> 4134 | H11: ='WANDER IKAT'!L3+'WANDER IKAT'!L45 -> 4134 | I11: ='WANDER IKAT'!M3+'WANDER IKAT'!M45 -> 4134 | J11: ='WANDER IKAT'!N3+'WANDER IKAT'!N45 -> 6201 | K11: ='WANDER IKAT'!O3+'WANDER IKAT'!O45 -> 4134 | L11: =SUM(G11:K11) -> 22737
F12: 1ST CUTTING QUANTITY. | G12: ='WANDER IKAT'!K41+'WANDER IKAT'!K116 -> 4012 | H12: ='WANDER IKAT'!L41+'WANDER IKAT'!L116 -> 4012 | I12: ='WANDER IKAT'!M41+'WANDER IKAT'!M116 -> 4012 | J12: ='WANDER IKAT'!N41+'WANDER IKAT'!N116 -> 6018 | K12: ='WANDER IKAT'!O41+'WANDER IKAT'!O116 -> 4012 | L12: =SUM(G12:K12) -> 22066
F13: ORDER QTY. TO CUTTING BALANCE= | G13: =G12-G11 -> -122 | H13: =H12-H11 -> -122 | I13: =I12-I11 -> -122 | J13: =J12-J11 -> -183 | K13: =K12-K11 -> -122 | L13: =SUM(G13:K13) -> -671
F14: INPUT QUANTITY. | G14: ='WANDER IKAT'!K41+'WANDER IKAT'!K116 -> 4012 | H14: ='WANDER IKAT'!L41+'WANDER IKAT'!L116 -> 4012 | I14: ='WANDER IKAT'!M41+'WANDER IKAT'!M116 -> 4012 | J14: ='WANDER IKAT'!N41+'WANDER IKAT'!N116 -> 6018 | K14: ='WANDER IKAT'!O41+'WANDER IKAT'!O116 -> 4012 | L14: =SUM(G14:K14) -> 22066
F15: CUTTING TO INPUT BALANCE= | G15: =G14-G12 -> 0 | H15: =H14-H12 -> 0 | I15: =I14-I12 -> 0 | J15: =J14-J12 -> 0 | K15: =K14-K12 -> 0 | L15: =SUM(G15:K15) -> 0
B17: Buyer | C17: Style | D17: P.O No. | E17: Color | F17: Description | G17: XS | H17: S | I17: M | J17: L | K17: XL | L17: Total | M17: REMARKS
B18: GREENSOURCE | C18: SHACKET-G074 | D18: 14220+22 | E18: HEART PARADE | F18: 1ST ORDER QUANTITY. | G18: ='HEART PARADE'!K3+'HEART PARADE'!K45 -> 6201 | H18: ='HEART PARADE'!L3+'HEART PARADE'!L45 -> 4134 | I18: ='HEART PARADE'!M3+'HEART PARADE'!M45 -> 4134 | J18: ='HEART PARADE'!N3+'HEART PARADE'!N45 -> 4134 | K18: ='HEART PARADE'!O3+'HEART PARADE'!O45 -> 4134 | L18: =SUM(G18:K18) -> 22737
F19: 1ST CUTTING QUANTITY. | G19: ='HEART PARADE'!K41+'HEART PARADE'!K108 -> 5907 | H19: ='HEART PARADE'!L41+'HEART PARADE'!L108 -> 3938 | I19: ='HEART PARADE'!M41+'HEART PARADE'!M108 -> 3938 | J19: ='HEART PARADE'!N41+'HEART PARADE'!N108 -> 3938 | K19: ='HEART PARADE'!O41+'HEART PARADE'!O108 -> 3938 | L19: =SUM(G19:K19) -> 21659
F20: ORDER QTY. TO CUTTING BALANCE= | G20: =G19-G18 -> -294 | H20: =H19-H18 -> -196 | I20: =I19-I18 -> -196 | J20: =J19-J18 -> -196 | K20: =K19-K18 -> -196 | L20: =SUM(G20:K20) -> -1078
F21: INPUT QUANTITY. | G21: ='HEART PARADE'!K41+'HEART PARADE'!K108 -> 5907 | H21: ='HEART PARADE'!L41+'HEART PARADE'!L108 -> 3938 | I21: ='HEART PARADE'!M41+'HEART PARADE'!M108 -> 3938 | J21: ='HEART PARADE'!N41+'HEART PARADE'!N108 -> 3938 | K21: ='HEART PARADE'!O41+'HEART PARADE'!O108 -> 3938 | L21: =SUM(G21:K21) -> 21659
F22: CUTTING TO INPUT BALANCE= | G22: =G21-G19 -> 0 | H22: =H21-H19 -> 0 | I22: =I21-I19 -> 0 | J22: =J21-J19 -> 0 | K22: =K21-K19 -> 0 | L22: =SUM(G22:K22) -> 0
B24: Buyer | C24: Style | D24: P.O No. | E24: Color | F24: Description | G24: XS | H24: S | I24: M | J24: L | K24: XL | L24: Total | M24: REMARKS
B25: GREENSOURCE | C25: SHACKET-G074 | D25: 14220+22 | E25: ANTIQUE ROSE | F25: 1ST ORDER QUANTITY. | G25: ='ANTIQUE ROSE'!K3+'ANTIQUE ROSE'!K38 -> 4134 | H25: ='ANTIQUE ROSE'!L3+'ANTIQUE ROSE'!L38 -> 2067 | I25: ='ANTIQUE ROSE'!M3+'ANTIQUE ROSE'!M38 -> 6201 | J25: ='ANTIQUE ROSE'!N3+'ANTIQUE ROSE'!N38 -> 6201 | K25: ='ANTIQUE ROSE'!O3+'ANTIQUE ROSE'!O38 -> 6201 | L25: =SUM(G25:K25) -> 24804
F26: 1ST CUTTING QUANTITY. | G26: ='ANTIQUE ROSE'!K34+'ANTIQUE ROSE'!K94 -> 3914 | H26: ='ANTIQUE ROSE'!L34+'ANTIQUE ROSE'!L94 -> 1957 | I26: ='ANTIQUE ROSE'!M34+'ANTIQUE ROSE'!M94 -> 5871 | J26: ='ANTIQUE ROSE'!N34+'ANTIQUE ROSE'!N94 -> 5871 | K26: ='ANTIQUE ROSE'!O34+'ANTIQUE ROSE'!O94 -> 5871 | L26: =SUM(G26:K26) -> 23484
F27: ORDER QTY. TO CUTTING BALANCE= | G27: =G26-G25 -> -220 | H27: =H26-H25 -> -110 | I27: =I26-I25 -> -330 | J27: =J26-J25 -> -330 | K27: =K26-K25 -> -330 | L27: =SUM(G27:K27) -> -1320
F28: INPUT QUANTITY. | G28: ='ANTIQUE ROSE'!K34+'ANTIQUE ROSE'!K94 -> 3914 | H28: ='ANTIQUE ROSE'!L34+'ANTIQUE ROSE'!L94 -> 1957 | I28: ='ANTIQUE ROSE'!M34+'ANTIQUE ROSE'!M94 -> 5871 | J28: ='ANTIQUE ROSE'!N34+'ANTIQUE ROSE'!N94 -> 5871 | K28: ='ANTIQUE ROSE'!O34+'ANTIQUE ROSE'!O94 -> 5871 | L28: =SUM(G28:K28) -> 23484
F29: CUTTING TO INPUT BALANCE= | G29: =G28-G26 -> 0 | H29: =H28-H26 -> 0 | I29: =I28-I26 -> 0 | J29: =J28-J26 -> 0 | K29: =K28-K26 -> 0 | L29: =SUM(G29:K29) -> 0
K32: 1ST ORDER QUANTITY. | L32: =L18+L11+L25+L4 -> 95082
K33: 1ST CUTTING QUANTITY. | L33: =L19+L12+L26+L5 -> 92265
K34: ORDER QTY. TO CUTTING BALANCE= | L34: =L33-L32 -> -2817
K35: INPUT QUANTITY. | L35: =L21+L14+L28+L7 -> 92265
K36: CUTTING TO INPUT BALANCE= | L36: =L35-L33 -> 0

Sheet 2ND ORDER
B1: 2ND ORDER | F1: SILVER COMPOSITE TEXTILE MILLS LTD. (UNIT-01)
E2: 1ST ORDER CUTTING & INPUT REPORT | L2: 46194
B3: Buyer | C3: Style | D3: P.O No. | E3: Color | F3: Description | G3: XS | H3: S | I3: M | J3: L | K3: XL | L3: Total | M3: REMARKS
B4: GREENSOURCE | C4: SHACKET-G074 | D4: 14223 | E4: WILD ONE | F4: 2ND ORDER QUANTITY. | G4: ='WILD ONE'!K123 -> 2612 | H4: ='WILD ONE'!L123 -> 2612 | I4: ='WILD ONE'!M123 -> 3918 | J4: ='WILD ONE'!N123 -> 3918 | K4: ='WILD ONE'!O123 -> 2612 | L4: =SUM(G4:K4) -> 15672
F5: 2ND CUTTING QUANTITY. | G5: ='WILD ONE'!K192 -> 2638 | H5: ='WILD ONE'!L192 -> 2638 | I5: ='WILD ONE'!M192 -> 3957 | J5: ='WILD ONE'!N192 -> 3957 | K5: ='WILD ONE'!O192 -> 2638 | L5: =SUM(G5:K5) -> 15828
F6: ORDER QTY. TO CUTTING BALANCE= | G6: =G5-G4 -> 26 | H6: =H5-H4 -> 26 | I6: =I5-I4 -> 39 | J6: =J5-J4 -> 39 | K6: =K5-K4 -> 26 | L6: =SUM(G6:K6) -> 156
F7: INPUT QUANTITY. | G7: ='WILD ONE'!K238 -> 1680 | H7: ='WILD ONE'!L238 -> 1680 | I7: ='WILD ONE'!M238 -> 2520 | J7: ='WILD ONE'!N238 -> 2520 | K7: ='WILD ONE'!O238 -> 1680 | L7: =SUM(G7:K7) -> 10080
F8: CUTTING TO INPUT BALANCE= | G8: =G7-G5 -> -958 | H8: =H7-H5 -> -958 | I8: =I7-I5 -> -1437 | J8: =J7-J5 -> -1437 | K8: =K7-K5 -> -958 | L8: =SUM(G8:K8) -> -5748
B10: Buyer | C10: Style | D10: P.O No. | E10: Color | F10: Description | G10: XS | H10: S | I10: M | J10: L | K10: XL | L10: Total | M10: REMARKS
B11: GREENSOURCE | C11: SHACKET-G074 | D11: 14223 | E11: WANDER IKAT | F11: 2ND ORDER QUANTITY. | G11: ='WANDER IKAT'!K120 -> 2612 | H11: ='WANDER IKAT'!L120 -> 2612 | I11: ='WANDER IKAT'!M120 -> 2612 | J11: ='WANDER IKAT'!N120 -> 3918 | K11: ='WANDER IKAT'!O120 -> 2612 | L11: =SUM(G11:K11) -> 14366
F12: 2ND CUTTING QUANTITY. | G12: ='WANDER IKAT'!K189 -> 2638 | H12: ='WANDER IKAT'!L189 -> 2638 | I12: ='WANDER IKAT'!M189 -> 2638 | J12: ='WANDER IKAT'!N189 -> 3957 | K12: ='WANDER IKAT'!O189 -> 2638 | L12: =SUM(G12:K12) -> 14509
F13: ORDER QTY. TO CUTTING BALANCE= | G13: =G12-G11 -> 26 | H13: =H12-H11 -> 26 | I13: =I12-I11 -> 26 | J13: =J12-J11 -> 39 | K13: =K12-K11 -> 26 | L13: =SUM(G13:K13) -> 143 | O13: INP -630
F14: INPUT QUANTITY. | G14: ='WANDER IKAT'!K252 -> 2404 | H14: ='WANDER IKAT'!L252 -> 2404 | I14: ='WANDER IKAT'!M252 -> 2404 | J14: ='WANDER IKAT'!N252 -> 3606 | K14: ='WANDER IKAT'!O252 -> 2404 | L14: =SUM(G14:K14) -> 13222
F15: CUTTING TO INPUT BALANCE= | G15: =G14-G12 -> -234 | H15: =H14-H12 -> -234 | I15: =I14-I12 -> -234 | J15: =J14-J12 -> -351 | K15: =K14-K12 -> -234 | L15: =SUM(G15:K15) -> -1287
B17: Buyer | C17: Style | D17: P.O No. | E17: Color | F17: Description | G17: XS | H17: S | I17: M | J17: L | K17: XL | L17: Total | M17: REMARKS
B18: GREENSOURCE | C18: SHACKET-G074 | D18: 14223 | E18: HEART PARADE | F18: 2ND ORDER QUANTITY. | G18: ='HEART PARADE'!K112 -> 3918 | H18: ='HEART PARADE'!L112 -> 2612 | I18: ='HEART PARADE'!M112 -> 2612 | J18: ='HEART PARADE'!N112 -> 2612 | K18: ='HEART PARADE'!O112 -> 2612 | L18: =SUM(G18:K18) -> 14366
F19: 2ND CUTTING QUANTITY. | G19: ='HEART PARADE'!K177 -> 3957 | H19: ='HEART PARADE'!L177 -> 2638 | I19: ='HEART PARADE'!M177 -> 2638 | J19: ='HEART PARADE'!N177 -> 2638 | K19: ='HEART PARADE'!O177 -> 2638 | L19: =SUM(G19:K19) -> 14509
F20: ORDER QTY. TO CUTTING BALANCE= | G20: =G19-G18 -> 39 | H20: =H19-H18 -> 26 | I20: =I19-I18 -> 26 | J20: =J19-J18 -> 26 | K20: =K19-K18 -> 26 | L20: =SUM(G20:K20) -> 143
F21: INPUT QUANTITY. | G21: ='HEART PARADE'!K232 -> 3879 | H21: ='HEART PARADE'!L232 -> 2586 | I21: ='HEART PARADE'!M232 -> 2586 | J21: ='HEART PARADE'!N232 -> 2586 | K21: ='HEART PARADE'!O232 -> 2586 | L21: =SUM(G21:K21) -> 14223
F22: CUTTING TO INPUT BALANCE= | G22: =G21-G19 -> -78 | H22: =H21-H19 -> -52 | I22: =I21-I19 -> -52 | J22: =J21-J19 -> -52 | K22: =K21-K19 -> -52 | L22: =SUM(G22:K22) -> -286
B24: Buyer | C24: Style | D24: P.O No. | E24: Color | F24: Description | G24: XS | H24: S | I24: M | J24: L | K24: XL | L24: Total | M24: REMARKS
B25: GREENSOURCE | C25: SHACKET-G074 | D25: 14223 | E25: ANTIQUE ROSE | F25: 2ND ORDER QUANTITY. | G25: ='ANTIQUE ROSE'!K98 -> 2612 | H25: ='ANTIQUE ROSE'!L98 -> 1306 | I25: ='ANTIQUE ROSE'!M98 -> 3918 | J25: ='ANTIQUE ROSE'!N98 -> 3918 | K25: ='ANTIQUE ROSE'!O98 -> 3918 | L25: =SUM(G25:K25) -> 15672
F26: 2ND CUTTING QUANTITY. | G26: ='ANTIQUE ROSE'!K154 -> 2638 | H26: ='ANTIQUE ROSE'!L154 -> 1319 | I26: ='ANTIQUE ROSE'!M154 -> 3957 | J26: ='ANTIQUE ROSE'!N154 -> 3957 | K26: ='ANTIQUE ROSE'!O154 -> 3957 | L26: =SUM(G26:K26) -> 15828
F27: ORDER QTY. TO CUTTING BALANCE= | G27: =G26-G25 -> 26 | H27: =H26-H25 -> 13 | I27: =I26-I25 -> 39 | J27: =J26-J25 -> 39 | K27: =K26-K25 -> 39 | L27: =SUM(G27:K27) -> 156
F28: INPUT QUANTITY. | G28: ='ANTIQUE ROSE'!K202 -> 2302 | H28: ='ANTIQUE ROSE'!L202 -> 1151 | I28: ='ANTIQUE ROSE'!M202 -> 3453 | J28: ='ANTIQUE ROSE'!N202 -> 3453 | K28: ='ANTIQUE ROSE'!O202 -> 3453 | L28: =SUM(G28:K28) -> 13812
F29: CUTTING TO INPUT BALANCE= | G29: =G28-G26 -> -336 | H29: =H28-H26 -> -168 | I29: =I28-I26 -> -504 | J29: =J28-J26 -> -504 | K29: =K28-K26 -> -504 | L29: =SUM(G29:K29) -> -2016
K32: 2ND ORDER QUANTITY. | L32: =L18+L11+L25+L4 -> 60076
K33: 2ND CUTTING QUANTITY. | L33: =L19+L12+L26+L5 -> 60674
K34: ORDER QTY. TO CUTTING BALANCE= | L34: =L33-L32 -> 598
K35: INPUT QUANTITY. | L35: =L21+L14+L28+L7 -> 51337
K36: CUTTING TO INPUT BALANCE= | L36: =L35-L33 -> -9337
K38: ORDER QUANTITY. | L38: =L32+'1ST ORDER'!L32 -> 155158
K39: CUTTING QUANTITY. | L39: =L33+'1ST ORDER'!L33 -> 152939
K40: =K34 -> ORDER QTY. TO CUTTING BALANCE= | L40: =L39-L38 -> -2219
K41: =K35 -> INPUT QUANTITY. | L41: =L35+'1ST ORDER'!L35 -> 143602
K42: =K36 -> CUTTING TO INPUT BALANCE= | L42: =L41-L39 -> -9337

Sheet ANTIQUE ROSE
I1: SILVER COMPOSITE TEXTILE MILS LIMITETD. (UNIT-01)
I2: CUTTING SUMMARY
J3: Size Wise Order Breakdown: | K3: 1306 | L3: 653 | M3: 1959 | N3: 1959 | O3: 1959 | P3: =SUM(K3:O3) -> 7836
A4: Buyer | B4: Style | C4: P.O No. | D4: Color | E4: P.O Total | F4: Label | G4: Date | H4: Lay Qty | I4: No of Ratio | J4: Cut No. | K4: XS | L4: S | M4: M | N4: L | O4: XL | P4: Total | Q4: Grand Total | R4: REMARKS
A5: GREENSOURCE | B5: SHACKET-G074 | C5: 14220 | D5: ANTIQUE ROSE | E5: =P3 -> 7836 | G5: 46152 | H5: 16 | J5: 1 | K5: 32 | L5: 16 | M5: =16*3 -> 48 | N5: =16*3 -> 48 | O5: =16*3 -> 48 | P5: =IF(G5="","",SUM(K5:O5)) -> 192 | Q5: =IF(P5="","",P5) -> 192 | R5: SHADE-A
A6: FW26 | D6: PINK | G6: 46153 | H6: 15 | J6: 2 | K6: 30 | L6: 15 | M6: 45 | N6: 45 | O6: 45 | P6: =IF(G6="","",SUM(K6:O6)) -> 180 | Q6: =IF(P6="","",Q5+P6) -> 372 | R6: SHADE-A
G7: 46153 | H7: 25 | J7: 3 | K7: 50 | L7: 25 | M7: 75 | N7: 75 | O7: 75 | P7: =IF(G7="","",SUM(K7:O7)) -> 300 | Q7: =IF(P7="","",Q6+P7) -> 672 | R7: SHADE-A
G8: 46154 | H8: 20 | J8: 4 | K8: 40 | L8: 20 | M8: 60 | N8: 60 | O8: 60 | P8: =IF(G8="","",SUM(K8:O8)) -> 240 | Q8: =IF(P8="","",Q7+P8) -> 912 | R8: SHADE-A
G9: 46154 | H9: 25 | J9: 5 | K9: =25*2 -> 50 | L9: 25 | M9: 75 | N9: 75 | O9: 75 | P9: =IF(G9="","",SUM(K9:O9)) -> 300 | Q9: =IF(P9="","",Q8+P9) -> 1212 | R9: SHADE-A
G10: 46154 | H10: 25 | J10: 6 | K10: 50 | L10: 25 | M10: 75 | N10: 75 | O10: 75 | P10: =IF(G10="","",SUM(K10:O10)) -> 300 | Q10: =IF(P10="","",Q9+P10) -> 1512 | R10: SHADE-A
G11: 46155 | H11: 18 | J11: 7 | K11: 36 | L11: 18 | M11: =18*3 -> 54 | N11: 54 | O11: 54 | P11: =IF(G11="","",SUM(K11:O11)) -> 216 | Q11: =IF(P11="","",Q10+P11) -> 1728 | R11: SHADE-A
G12: 46156 | H12: 25 | J12: 8 | K12: 50 | L12: 25 | M12: 75 | N12: 75 | O12: 75 | P12: =IF(G12="","",SUM(K12:O12)) -> 300 | Q12: =IF(P12="","",Q11+P12) -> 2028 | R12: SHADE-A
G13: 46156 | H13: 25 | J13: 9 | K13: 50 | L13: 25 | M13: 75 | N13: 75 | O13: 75 | P13: =IF(G13="","",SUM(K13:O13)) -> 300 | Q13: =IF(P13="","",Q12+P13) -> 2328 | R13: SHADE-A
G14: 46156 | H14: 25 | J14: 10 | K14: 50 | L14: 25 | M14: 75 | N14: 75 | O14: 75 | P14: =IF(G14="","",SUM(K14:O14)) -> 300 | Q14: =IF(P14="","",Q13+P14) -> 2628 | R14: SHADE-A
G15: 46156 | H15: 25 | J15: 11 | K15: 50 | L15: 25 | M15: 75 | N15: 75 | O15: 75 | P15: =IF(G15="","",SUM(K15:O15)) -> 300 | Q15: =IF(P15="","",Q14+P15) -> 2928 | R15: SHADE-A
G16: 46158 | H16: 25 | J16: 12 | K16: 50 | L16: 25 | M16: 75 | N16: 75 | O16: 75 | P16: =IF(G16="","",SUM(K16:O16)) -> 300 | Q16: =IF(P16="","",Q15+P16) -> 3228 | R16: SHADE-A
G17: 46158 | H17: 25 | J17: 13 | K17: 50 | L17: 25 | M17: 75 | N17: 75 | O17: 75 | P17: =IF(G17="","",SUM(K17:O17)) -> 300 | Q17: =IF(P17="","",Q16+P17) -> 3528 | R17: SHADE-A
G18: 46159 | H18: 20 | J18: 14 | K18: 40 | L18: 20 | M18: 60 | N18: 60 | O18: 60 | P18: =IF(G18="","",SUM(K18:O18)) -> 240 | Q18: =IF(P18="","",Q17+P18) -> 3768 | R18: SHADE-A
G19: 46159 | H19: 25 | J19: 15 | K19: 50 | L19: 25 | M19: 75 | N19: 75 | O19: 75 | P19: =IF(G19="","",SUM(K19:O19)) -> 300 | Q19: =IF(P19="","",Q18+P19) -> 4068 | R19: SHADE-A
G20: 46159 | H20: 25 | J20: 16 | K20: 50 | L20: 25 | M20: 75 | N20: 75 | O20: 75 | P20: =IF(G20="","",SUM(K20:O20)) -> 300 | Q20: =IF(P20="","",Q19+P20) -> 4368 | R20: SHADE-A
G21: 46160 | H21: 25 | J21: 17 | K21: 50 | L21: 25 | M21: 75 | N21: 75 | O21: 75 | P21: =IF(G21="","",SUM(K21:O21)) -> 300 | Q21: =IF(P21="","",Q20+P21) -> 4668 | R21: SHADE-A
G22: 46160 | H22: 25 | J22: 18 | K22: 50 | L22: 25 | M22: 75 | N22: 75 | O22: 75 | P22: =IF(G22="","",SUM(K22:O22)) -> 300 | Q22: =IF(P22="","",Q21+P22) -> 4968 | R22: SHADE-A
G23: 46160 | H23: 25 | J23: 19 | K23: 50 | L23: 25 | M23: 75 | N23: 75 | O23: 75 | P23: =IF(G23="","",SUM(K23:O23)) -> 300 | Q23: =IF(P23="","",Q22+P23) -> 5268 | R23: SHADE-A
... G31: 46162 | H31: 25 | J31: 27 | K31: 50 | L31: 25 | M31: 75 | N31: 75 | O31: 75 | P31: =IF(G31="","",SUM(K31:O31)) -> 300 | Q31: =IF(P31="","",Q30+P31) -> 7668 | R31: SHADE-A
G32: 46162 | H32: 21 | J32: 28 | K32: 42 | L32: 21 | M32: =21*3 -> 63 | N32: 63 | O32: 63 | P32: =IF(G32="","",SUM(K32:O32)) -> 252 | Q32: =IF(P32="","",Q31+P32) -> 7920 | R32: SHADE-A
P33: =IF(G33="","",SUM(K33:O33)) | Q33: =IF(P33="","",#REF!+P33)
J34: Total: | K34: =SUM(K5:K33) -> 1320 | L34: =SUM(L5:L33) -> 660 | M34: =SUM(M5:M33) -> 1980 | N34: =SUM(N5:N33) -> 1980 | O34: =SUM(O5:O33) -> 1980 | P34: =SUM(K34:O34) -> 7920
J35: Excess Cut: | K35: =IF(K3="","",K34-K3) -> 14 | L35: =IF(L3="","",L34-L3) -> 7 | M35: =IF(M3="","",M34-M3) -> 21 | N35: =IF(N3="","",N34-N3) -> 21 | O35: =IF(O3="","",O34-O3) -> 21 | P35: =SUM(K35:O35) -> 84
J36: 26 | K36: =SUM(K5:K30) -> 1228 | L36: =SUM(L5:L30) -> 614 | M36: =SUM(M5:M30) -> 1842 | N36: =SUM(N5:N30) -> 1842 | O36: =SUM(O5:O30) -> 1842 | P36: =SUM(P5:P30) -> 7368
I37: CUTTING SUMMARY
J38: Size Wise Order Breakdown: | K38: 2828 | L38: 1414 | M38: 4242 | N38: 4242 | O38: 4242 | P38: =SUM(K38:O38) -> 16968
A39: Buyer | B39: Style | C39: P.O No. | D39: Color | E39: P.O Total | F39: Label | G39: Date | H39: Lay Qty | I39: No of Ratio | J39: Cut No. | K39: XS | L39: S | M39: M | N39: L | O39: XL | P39: Total | Q39: Grand Total | R39: REMARKS
A40: GREENSOURCE | B40: SHACKET-G074 | C40: 14222 | D40: ANTIQUE ROSE | E40: =P38 -> 16968 | G40: 46162 | H40: 25 | J40: 29 | K40: 50 | L40: 25 | M40: 75 | N40: 75 | O40: 75 | P40: =IF(G40="","",SUM(K40:O40)) -> 300 | Q40: =IF(P40="","",P40) -> 300 | R40: SHADE-A
A41: FW26 | D41: PINK | G41: 46162 | H41: 25 | J41: 30 | K41: 50 | L41: 25 | M41: 75 | N41: 75 | O41: 75 | P41: =IF(G41="","",SUM(K41:O41)) -> 300 | Q41: =IF(P41="","",P41+Q40) -> 600 | R41: SHADE-A
G42: 46162 | H42: 25 | J42: 31 | K42: 50 | L42: 25 | M42: 75 | N42: 75 | O42: 75 | P42: =IF(G42="","",SUM(K42:O42)) -> 300 | Q42: =IF(P42="","",P42+Q41) -> 900 | R42: SHADE-A
G43: 46162 | H43: 25 | J43: 32 | K43: 50 | L43: 25 | M43: 75 | N43: 75 | O43: 75 | P43: =IF(G43="","",SUM(K43:O43)) -> 300 | Q43: =IF(P43="","",P43+Q42) -> 1200 | R43: SHADE-A
G44: 46163 | H44: 25 | J44: 33 | K44: 50 | L44: 25 | M44: 75 | N44: 75 | O44: 75 | P44: =IF(G44="","",SUM(K44:O44)) -> 300 | Q44: =IF(P44="","",P44+Q43) -> 1500 | R44: SHADE-A
G45: 46163 | H45: 25 | J45: 34 | K45: 50 | L45: 25 | M45: 75 | N45: 75 | O45: 75 | P45: =IF(G45="","",SUM(K45:O45)) -> 300 | Q45: =IF(P45="","",P45+Q44) -> 1800 | R45: SHADE-A
G46: 46163 | H46: 25 | J46: 35 | K46: 50 | L46: 25 | M46: 75 | N46: 75 | O46: 75 | P46: =IF(G46="","",SUM(K46:O46)) -> 300 | Q46: =IF(P46="","",P46+Q45) -> 2100 | R46: SHADE-A
G47: 46163 | H47: 25 | J47: 36 | K47: 50 | L47: 25 | M47: 75 | N47: 75 | O47: 75 | P47: =IF(G47="","",SUM(K47:O47)) -> 300 | Q47: =IF(P47="","",P47+Q46) -> 2400 | R47: SHADE-A
G48: 46165 | H48: 25 | J48: 37 | K48: 50 | L48: 25 | M48: 75 | N48: 75 | O48: 75 | P48: =IF(G48="","",SUM(K48:O48)) -> 300 | Q48: =IF(P48="","",P48+Q47) -> 2700 | R48: SHADE-A
G49: 46165 | H49: 25 | J49: 38 | K49: 50 | L49: 25 | M49: 75 | N49: 75 | O49: 75 | P49: =IF(G49="","",SUM(K49:O49)) -> 300 | Q49: =IF(P49="","",P49+Q48) -> 3000 | R49: SHADE-A
G50: 46165 | H50: 25 | J50: 39 | K50: 50 | L50: 25 | M50: 75 | N50: 75 | O50: 75 | P50: =IF(G50="","",SUM(K50:O50)) -> 300 | Q50: =IF(P50="","",P50+Q49) -> 3300 | R50: SHADE-A
G51: 46165 | H51: 25 | J51: 40 | K51: =25*2 -> 50 | L51: 25 | M51: 75 | N51: 75 | O51: 75 | P51: =IF(G51="","",SUM(K51:O51)) -> 300 | Q51: =IF(P51="","",P51+Q50) -> 3600 | R51: SHADE-A
G52: 46165 | H52: 25 | J52: 41 | K52: 50 | L52: 25 | M52: 75 | N52: 75 | O52: 75 | P52: =IF(G52="","",SUM(K52:O52)) -> 300 | Q52: =IF(P52="","",P52+Q51) -> 3900 | R52: SHADE-A
G53: 46165 | H53: 25 | J53: 42 | K53: =25*2 -> 50 | L53: 25 | M53: 75 | N53: 75 | O53: 75 | P53: =IF(G53="","",SUM(K53:O53)) -> 300 | Q53: =IF(P53="","",P53+Q52) -> 4200 | R53: SHADE-A
G54: 46165 | H54: 25 | J54: 43 | K54: 50 | L54: 25 | M54: 75 | N54: 75 | O54: 75 | P54: =IF(G54="","",SUM(K54:O54)) -> 300 | Q54: =IF(P54="","",P54+Q53) -> 4500 | R54: SHADE-A
G55: 46165 | H55: 25 | J55: 44 | K55: =25*2 -> 50 | L55: 25 | M55: 75 | N55: 75 | O55: 75 | P55: =IF(G55="","",SUM(K55:O55)) -> 300 | Q55: =IF(P55="","",P55+Q54) -> 4800 | R55: SHADE-A
G56: 46166 | H56: 25 | J56: 45 | K56: =25*2 -> 50 | L56: 25 | M56: 75 | N56: 75 | O56: 75 | P56: =IF(G56="","",SUM(K56:O56)) -> 300 | Q56: =IF(P56="","",P56+Q55) -> 5100 | R56: SHADE-A
G57: 46166 | H57: 25 | J57: 46 | K57: =25*2 -> 50 | L57: 25 | M57: 75 | N57: 75 | O57: 75 | P57: =IF(G57="","",SUM(K57:O57)) -> 300 | Q57: =IF(P57="","",P57+Q56) -> 5400 | R57: SHADE-A
G58: 46166 | H58: 25 | J58: 47 | K58: =25*2 -> 50 | L58: 25 | M58: 75 | N58: 75 | O58: 75 | P58: =IF(G58="","",SUM(K58:O58)) -> 300 | Q58: =IF(P58="","",P58+Q57) -> 5700 | R58: SHADE-A
G59: 46166 | H59: 25 | J59: 48 | K59: =25*2 -> 50 | L59: 25 | M59: 75 | N59: 75 | O59: 75 | P59: =IF(G59="","",SUM(K59:O59)) -> 300 | Q59: =IF(P59="","",P59+Q58) -> 6000 | R59: SHADE-A
G60: 46166 | H60: 25 | J60: 49 | K60: =25*2 -> 50 | L60: 25 | M60: 75 | N60: 75 | O60: 75 | P60: =IF(G60="","",SUM(K60:O60)) -> 300 | Q60: =IF(P60="","",P60+Q59) -> 6300 | R60: SHADE-A
G61: 46166 | H61: 25 | J61: 50 | K61: =25*2 -> 50 | L61: 25 | M61: 75 | N61: 75 | O61: 75 | P61: =IF(G61="","",SUM(K61:O61)) -> 300 | Q61: =IF(P61="","",P61+Q60) -> 6600 | R61: SHADE-A
G62: 46166 | H62: 25 | J62: 51 | K62: =25*2 -> 50 | L62: 25 | M62: 75 | N62: 75 | O62: 75 | P62: =IF(G62="","",SUM(K62:O62)) -> 300 | Q62: =IF(P62="","",P62+Q61) -> 6900 | R62: SHADE-A
G63: 46166 | H63: 25 | J63: 52 | K63: =25*2 -> 50 | L63: 25 | M63: 75 | N63: 75 | O63: 75 | P63: =IF(G63="","",SUM(K63:O63)) -> 300 | Q63: =IF(P63="","",P63+Q62) -> 7200 | R63: SHADE-A
G64: 46166 | H64: 25 | J64: 53 | K64: =25*2 -> 50 | L64: 25 | M64: 75 | N64: 75 | O64: 75 | P64: =IF(G64="","",SUM(K64:O64)) -> 300 | Q64: =IF(P64="","",P64+Q63) -> 7500 | R64: SHADE-A
G65: 46166 | H65: 25 | J65: 54 | K65: =25*2 -> 50 | L65: 25 | M65: 75 | N65: 75 | O65: 75 | P65: =IF(G65="","",SUM(K65:O65)) -> 300 | Q65: =IF(P65="","",P65+Q64) -> 7800 | R65: SHADE-A
G66: 46167 | H66: 25 | J66: 55 | K66: =25*2 -> 50 | L66: 25 | M66: 75 | N66: 75 | O66: 75 | P66: =IF(G66="","",SUM(K66:O66)) -> 300 | Q66: =IF(P66="","",P66+Q65) -> 8100 | R66: SHADE-A
... G69: 46167 | H69: 25 | J69: 58 | K69: =25*2 -> 50 | L69: 25 | M69: 75 | N69: 75 | O69: 75 | P69: =IF(G69="","",SUM(K69:O69)) -> 300 | Q69: =IF(P69="","",P69+Q68) -> 9000 | R69: SHADE-A
G70: 46167 | H70: 21 | J70: 59 | K70: 42 | L70: 21 | M70: =21*3 -> 63 | N70: =21*3 -> 63 | O70: =21*3 -> 63 | P70: =IF(G70="","",SUM(K70:O70)) -> 252 | Q70: =IF(P70="","",P70+Q69) -> 9252 | R70: SHADE-A
G71: 46168 | H71: 25 | J71: 60 | K71: =25*2 -> 50 | L71: 25 | M71: 75 | N71: 75 | O71: 75 | P71: =IF(G71="","",SUM(K71:O71)) -> 300 | Q71: =IF(P71="","",P71+Q70) -> 9552 | R71: SHADE-A
G72: 46168 | H72: 25 | J72: 61 | K72: =25*2 -> 50 | L72: 25 | M72: 75 | N72: 75 | O72: 75 | P72: =IF(G72="","",SUM(K72:O72)) -> 300 | Q72: =IF(P72="","",P72+Q71) -> 9852 | R72: SHADE-A
G73: 46168 | H73: 25 | J73: 62 | K73: =25*2 -> 50 | L73: 25 | M73: 75 | N73: 75 | O73: 75 | P73: =IF(G73="","",SUM(K73:O73)) -> 300 | Q73: =IF(P73="","",P73+Q72) -> 10152 | R73: SHADE-A
G74: 46168 | H74: 25 | J74: 63 | K74: =25*2 -> 50 | L74: 25 | M74: 75 | N74: 75 | O74: 75 | P74: =IF(G74="","",SUM(K74:O74)) -> 300 | Q74: =IF(P74="","",P74+Q73) -> 10452 | R74: SHADE-A
G75: 46168 | H75: 25 | J75: 64 | K75: =25*2 -> 50 | L75: 25 | M75: 75 | N75: 75 | O75: 75 | P75: =IF(G75="","",SUM(K75:O75)) -> 300 | Q75: =IF(P75="","",P75+Q74) -> 10752 | R75: SHADE-A
G76: 46179 | H76: 25 | J76: 65 | K76: =25*2 -> 50 | L76: 25 | M76: 75 | N76: 75 | O76: 75 | P76: =IF(G76="","",SUM(K76:O76)) -> 300 | Q76: =IF(P76="","",P76+Q75) -> 11052 | R76: SHADE-A
G77: 46179 | H77: 25 | J77: 66 | K77: =25*2 -> 50 | L77: 25 | M77: 75 | N77: 75 | O77: 75 | P77: =IF(G77="","",SUM(K77:O77)) -> 300 | Q77: =IF(P77="","",P77+Q76) -> 11352 | R77: SHADE-A
G78: 46179 | H78: 25 | J78: 67 | K78: =25*2 -> 50 | L78: 25 | M78: 75 | N78: 75 | O78: 75 | P78: =IF(G78="","",SUM(K78:O78)) -> 300 | Q78: =IF(P78="","",P78+Q77) -> 11652 | R78: SHADE-A
G79: 46179 | H79: 25 | J79: 68 | K79: =25*2 -> 50 | L79: 25 | M79: 75 | N79: 75 | O79: 75 | P79: =IF(G79="","",SUM(K79:O79)) -> 300 | Q79: =IF(P79="","",P79+Q78) -> 11952 | R79: SHADE-A
G80: 46179 | H80: 25 | J80: 69 | K80: =25*2 -> 50 | L80: 25 | M80: 75 | N80: 75 | O80: 75 | P80: =IF(G80="","",SUM(K80:O80)) -> 300 | Q80: =IF(P80="","",P80+Q79) -> 12252 | R80: SHADE-A
G81: 46179 | H81: 25 | J81: 70 | K81: =25*2 -> 50 | L81: 25 | M81: 75 | N81: 75 | O81: 75 | P81: =IF(G81="","",SUM(K81:O81)) -> 300 | Q81: =IF(P81="","",P81+Q80) -> 12552 | R81: SHADE-A
G82: 46180 | H82: 15 | J82: 71 | K82: 30 | L82: 15 | M82: 45 | N82: 45 | O82: 45 | P82: =IF(G82="","",SUM(K82:O82)) -> 180 | Q82: =IF(P82="","",P82+Q81) -> 12732 | R82: SHADE-A
G83: 46180 | H83: 25 | J83: 72 | K83: =25*2 -> 50 | L83: 25 | M83: 75 | N83: 75 | O83: 75 | P83: =IF(G83="","",SUM(K83:O83)) -> 300 | Q83: =IF(P83="","",P83+Q82) -> 13032 | R83: SHADE-A
G84: 46180 | H84: 25 | J84: 73 | K84: =25*2 -> 50 | L84: 25 | M84: 75 | N84: 75 | O84: 75 | P84: =IF(G84="","",SUM(K84:O84)) -> 300 | Q84: =IF(P84="","",P84+Q83) -> 13332 | R84: SHADE-A
G85: 46181 | H85: 25 | J85: 74 | K85: =25*2 -> 50 | L85: 25 | M85: 75 | N85: 75 | O85: 75 | P85: =IF(G85="","",SUM(K85:O85)) -> 300 | Q85: =IF(P85="","",P85+Q84) -> 13632 | R85: SHADE-A
G86: 46181 | H86: 25 | J86: 75 | K86: =25*2 -> 50 | L86: 25 | M86: 75 | N86: 75 | O86: 75 | P86: =IF(G86="","",SUM(K86:O86)) -> 300 | Q86: =IF(P86="","",P86+Q85) -> 13932 | R86: SHADE-A
G87: 46181 | H87: 25 | J87: 76 | K87: =25*2 -> 50 | L87: 25 | M87: 75 | N87: 75 | O87: 75 | P87: =IF(G87="","",SUM(K87:O87)) -> 300 | Q87: =IF(P87="","",P87+Q86) -> 14232 | R87: SHADE-A
G88: 46181 | H88: 25 | J88: 77 | K88: =25*2 -> 50 | L88: 25 | M88: 75 | N88: 75 | O88: 75 | P88: =IF(G88="","",SUM(K88:O88)) -> 300 | Q88: =IF(P88="","",P88+Q87) -> 14532 | R88: SHADE-A
G89: 46181 | H89: 25 | J89: 78 | K89: =25*2 -> 50 | L89: 25 | M89: 75 | N89: 75 | O89: 75 | P89: =IF(G89="","",SUM(K89:O89)) -> 300 | Q89: =IF(P89="","",P89+Q88) -> 14832 | R89: SHADE-A
G90: 46182 | H90: 15 | J90: 79 | K90: 30 | L90: 15 | M90: 45 | N90: 45 | O90: 45 | P90: =IF(G90="","",SUM(K90:O90)) -> 180 | Q90: =IF(P90="","",P90+Q89) -> 15012 | R90: SHADE-A
G91: 46182 | H91: 21 | J91: 80 | K91: 42 | L91: 21 | M91: 63 | N91: 63 | O91: 63 | P91: =IF(G91="","",SUM(K91:O91)) -> 252 | Q91: =IF(P91="","",P91+Q90) -> 15264 | R91: SHADE-A
G92: 46184 | H92: 25 | J92: 81 | K92: =25*2 -> 50 | L92: 25 | M92: =25*3 -> 75 | N92: =25*3 -> 75 | O92: =25*3 -> 75 | P92: =IF(G92="","",SUM(K92:O92)) -> 300 | Q92: =IF(P92="","",P92+Q91) -> 15564 | R92: SHADE-A
P93: =IF(G93="","",SUM(K93:O93)) | Q93: =IF(P93="","",P93+Q92)
J94: Total: | K94: =SUM(K40:K93) -> 2594 | L94: =SUM(L40:L93) -> 1297 | M94: =SUM(M40:M93) -> 3891 | N94: =SUM(N40:N93) -> 3891 | O94: =SUM(O40:O93) -> 3891 | P94: =SUM(K94:O94) -> 15564
J95: Excess Cut: | K95: =IF(K38="","",K94-K38) -> -234 | L95: =IF(L38="","",L94-L38) -> -117 | M95: =IF(M38="","",M94-M38) -> -351 | N95: =IF(N38="","",N94-N38) -> -351 | O95: =IF(O38="","",O94-O38) -> -351 | P95: =SUM(K95:O95) -> -1404
I97: CUTTING SUMMARY
J98: Size Wise Order Breakdown: | K98: 2612 | L98: 1306 | M98: 3918 | N98: 3918 | O98: 3918 | P98: =SUM(K98:O98) -> 15672 | R98: 46215
A99: Buyer | B99: Style | C99: P.O No. | D99: Color | E99: P.O Total | F99: Label | G99: Date | H99: Lay Qty | I99: No of Ratio | J99: Cut No. | K99: XS | L99: S | M99: M | N99: L | O99: XL | P99: Total | Q99: Grand Total | R99: REMARKS
A100: GREENSOURCE | B100: SHACKET-G074 | C100: 14223 | D100: ANTIQUE ROSE | E100: =P98 -> 15672 | G100: 46184 | H100: 25 | J100: 1 | K100: =25*2 -> 50 | L100: 25 | M100: 75 | N100: 75 | O100: 75 | P100: =IF(G100="","",SUM(K100:O100)) -> 300 | Q100: =IF(P100="","",P100) -> 300 | R100: SHADE-A
A101: FW26 | D101: PINK | G101: 46184 | H101: 25 | J101: 2 | K101: =25*2 -> 50 | L101: 25 | M101: 75 | N101: 75 | O101: 75 | P101: =IF(G101="","",SUM(K101:O101)) -> 300 | Q101: =IF(P101="","",P101+Q100) -> 600 | R101: SHADE-A
G102: 46184 | H102: 25 | J102: 3 | K102: =25*2 -> 50 | L102: 25 | M102: 75 | N102: 75 | O102: 75 | P102: =IF(G102="","",SUM(K102:O102)) -> 300 | Q102: =IF(P102="","",Q101+P102) -> 900 | R102: SHADE-A
G103: 46186 | H103: 25 | J103: 4 | K103: =25*2 -> 50 | L103: 25 | M103: 75 | N103: 75 | O103: 75 | P103: =IF(G103="","",SUM(K103:O103)) -> 300 | Q103: =IF(P103="","",Q102+P103) -> 1200 | R103: SHADE-A
G104: 46186 | H104: 25 | J104: 5 | K104: =25*2 -> 50 | L104: 25 | M104: 75 | N104: 75 | O104: 75 | P104: =IF(G104="","",SUM(K104:O104)) -> 300 | Q104: =IF(P104="","",Q103+P104) -> 1500 | R104: SHADE-A
G105: 46186 | H105: 25 | J105: 6 | K105: =25*2 -> 50 | L105: 25 | M105: 75 | N105: 75 | O105: 75 | P105: =IF(G105="","",SUM(K105:O105)) -> 300 | Q105: =IF(P105="","",Q104+P105) -> 1800 | R105: SHADE-A
G106: 46186 | H106: 25 | J106: 7 | K106: =25*2 -> 50 | L106: 25 | M106: 75 | N106: 75 | O106: 75 | P106: =IF(G106="","",SUM(K106:O106)) -> 300 | Q106: =IF(P106="","",Q105+P106) -> 2100 | R106: SHADE-A
G107: 46186 | H107: 25 | J107: 8 | K107: =25*2 -> 50 | L107: 25 | M107: 75 | N107: 75 | O107: 75 | P107: =IF(G107="","",SUM(K107:O107)) -> 300 | Q107: =IF(P107="","",Q106+P107) -> 2400 | R107: SHADE-A
G108: 46186 | H108: 25 | J108: 9 | K108: =25*2 -> 50 | L108: 25 | M108: 75 | N108: 75 | O108: 75 | P108: =IF(G108="","",SUM(K108:O108)) -> 300 | Q108: =IF(P108="","",Q107+P108) -> 2700 | R108: SHADE-A
G109: 46186 | H109: 25 | J109: 10 | K109: =25*2 -> 50 | L109: 25 | M109: 75 | N109: 75 | O109: 75 | P109: =IF(G109="","",SUM(K109:O109)) -> 300 | Q109: =IF(P109="","",Q108+P109) -> 3000 | R109: SHADE-A
G110: 46187 | H110: 25 | J110: 11 | K110: =25*2 -> 50 | L110: 25 | M110: 75 | N110: 75 | O110: 75 | P110: =IF(G110="","",SUM(K110:O110)) -> 300 | Q110: =IF(P110="","",Q109+P110) -> 3300 | R110: SHADE-A
...

Sheet HEART PARADE
I1: SILVER COMPOSITE TEXTILE MILS LIMITETD. (UNIT-01)
I2: CUTTING SUMMARY
J3: Size Wise Order Breakdown: | K3: 1959 | L3: 1306 | M3: 1306 | N3: 1306 | O3: 1306 | P3: =SUM(K3:O3) -> 7183
A4: Buyer | B4: Style | C4: P.O No. | D4: Color | E4: P.O Total | F4: Label | G4: Date | H4: Lay Qty | I4: No of Ratio | J4: Cut No. | K4: XS | L4: S | M4: M | N4: L | O4: XL | P4: Total | Q4: Grand Total | R4: REMARKS
A5: GREENSOURCE | B5: SHACKET-G074 | C5: 14220 | D5: HEART PARADE | E5: =P3 -> 7183 | G5: 46152 | H5: 15 | J5: 1 | K5: 45 | L5: 30 | M5: 30 | N5: 30 | O5: 30 | P5: =IF(G5="","",SUM(K5:O5)) -> 165 | Q5: =IF(P5="","",P5) -> 165 | R5: SHADE-A
A6: FW26 | D6: CREAM | G6: 46153 | H6: 15 | J6: 2 | K6: 45 | L6: 30 | M6: 30 | N6: 30 | O6: 30 | P6: =IF(G6="","",SUM(K6:O6)) -> 165 | Q6: =IF(P6="","",Q5+P6) -> 330 | R6: SHADE-A
G7: 46153 | H7: 15 | J7: 3 | K7: 45 | L7: 30 | M7: 30 | N7: 30 | O7: 30 | P7: =IF(G7="","",SUM(K7:O7)) -> 165 | Q7: =IF(P7="","",Q6+P7) -> 495 | R7: SHADE-A
G8: 46154 | H8: 18 | J8: 4 | K8: 54 | L8: 36 | M8: 36 | N8: 36 | O8: 36 | P8: =IF(G8="","",SUM(K8:O8)) -> 198 | Q8: =IF(P8="","",Q7+P8) -> 693 | R8: SHADE-A
G9: 46154 | H9: 18 | J9: 5 | K9: 54 | L9: 36 | M9: 36 | N9: 36 | O9: 36 | P9: =IF(G9="","",SUM(K9:O9)) -> 198 | Q9: =IF(P9="","",Q8+P9) -> 891 | R9: SHADE-A
G10: 46155 | H10: 15 | J10: 6 | K10: 45 | L10: 30 | M10: 30 | N10: 30 | O10: 30 | P10: =IF(G10="","",SUM(K10:O10)) -> 165 | Q10: =IF(P10="","",Q9+P10) -> 1056 | R10: SHADE-A
G11: 46155 | H11: 15 | J11: 7 | K11: 45 | L11: 30 | M11: 30 | N11: 30 | O11: 30 | P11: =IF(G11="","",SUM(K11:O11)) -> 165 | Q11: =IF(P11="","",Q10+P11) -> 1221 | R11: SHADE-A
G12: 46155 | H12: 14 | J12: 8 | K12: 42 | L12: 28 | M12: 28 | N12: 28 | O12: 28 | P12: =IF(G12="","",SUM(K12:O12)) -> 154 | Q12: =IF(P12="","",Q11+P12) -> 1375 | R12: SHADE-A
G13: 46155 | H13: 20 | J13: 9 | K13: 60 | L13: 40 | M13: 40 | N13: 40 | O13: 40 | P13: =IF(G13="","",SUM(K13:O13)) -> 220 | Q13: =IF(P13="","",Q12+P13) -> 1595 | R13: SHADE-A
G14: 46155 | H14: 20 | J14: 10 | K14: 60 | L14: 40 | M14: 40 | N14: 40 | O14: 40 | P14: =IF(G14="","",SUM(K14:O14)) -> 220 | Q14: =IF(P14="","",Q13+P14) -> 1815 | R14: SHADE-A
G15: 46155 | H15: 20 | J15: 11 | K15: 60 | L15: 40 | M15: 40 | N15: 40 | O15: 40 | P15: =IF(G15="","",SUM(K15:O15)) -> 220 | Q15: =IF(P15="","",Q14+P15) -> 2035 | R15: SHADE-A
G16: 46155 | H16: 20 | J16: 12 | K16: 60 | L16: 40 | M16: 40 | N16: 40 | O16: 40 | P16: =IF(G16="","",SUM(K16:O16)) -> 220 | Q16: =IF(P16="","",Q15+P16) -> 2255 | R16: SHADE-A
G17: 46156 | H17: 20 | J17: 13 | K17: =20*3 -> 60 | L17: =20*2 -> 40 | M17: =20*2 -> 40 | N17: =20*2 -> 40 | O17: =20*2 -> 40 | P17: =IF(G17="","",SUM(K17:O17)) -> 220 | Q17: =IF(P17="","",Q16+P17) -> 2475 | R17: SHADE-A
G18: 46156 | H18: 20 | J18: 14 | K18: 60 | L18: 40 | M18: 40 | N18: 40 | O18: 40 | P18: =IF(G18="","",SUM(K18:O18)) -> 220 | Q18: =IF(P18="","",Q17+P18) -> 2695 | R18: SHADE-A
G19: 46158 | H19: 20 | J19: 15 | K19: 60 | L19: 40 | M19: 40 | N19: 40 | O19: 40 | P19: =IF(G19="","",SUM(K19:O19)) -> 220 | Q19: =IF(P19="","",Q18+P19) -> 2915 | R19: SHADE-A
G20: 46158 | H20: 20 | J20: 16 | K20: 60 | L20: 40 | M20: 40 | N20: 40 | O20: 40 | P20: =IF(G20="","",SUM(K20:O20)) -> 220 | Q20: =IF(P20="","",Q19+P20) -> 3135 | R20: SHADE-A
G21: 46158 | H21: 20 | J21: 17 | K21: 60 | L21: 40 | M21: 40 | N21: 40 | O21: 40 | P21: =IF(G21="","",SUM(K21:O21)) -> 220 | Q21: =IF(P21="","",Q20+P21) -> 3355 | R21: SHADE-A
G22: 46158 | H22: 20 | J22: 18 | K22: 60 | L22: 40 | M22: 40 | N22: 40 | O22: 40 | P22: =IF(G22="","",SUM(K22:O22)) -> 220 | Q22: =IF(P22="","",Q21+P22) -> 3575 | R22: SHADE-A
G23: 46158 | H23: 20 | J23: 19 | K23: 60 | L23: 40 | M23: 40 | N23: 40 | O23: 40 | P23: =IF(G23="","",SUM(K23:O23)) -> 220 | Q23: =IF(P23="","",Q22+P23) -> 3795 | R23: SHADE-A
G24: 46159 | H24: 20 | J24: 20 | K24: 60 | L24: 40 | M24: 40 | N24: 40 | O24: 40 | P24: =IF(G24="","",SUM(K24:O24)) -> 220 | Q24: =IF(P24="","",Q23+P24) -> 4015 | R24: SHADE-A
G25: 46159 | H25: 20 | J25: 21 | K25: 60 | L25: 40 | M25: 40 | N25: 40 | O25: 40 | P25: =IF(G25="","",SUM(K25:O25)) -> 220 | Q25: =IF(P25="","",Q24+P25) -> 4235 | R25: SHADE-A
G26: 46159 | H26: 20 | J26: 22 | K26: 60 | L26: 40 | M26: 40 | N26: 40 | O26: 40 | P26: =IF(G26="","",SUM(K26:O26)) -> 220 | Q26: =IF(P26="","",Q25+P26) -> 4455 | R26: SHADE-A
G27: 46159 | H27: 20 | J27: 23 | K27: 60 | L27: 40 | M27: 40 | N27: 40 | O27: 40 | P27: =IF(G27="","",SUM(K27:O27)) -> 220 | Q27: =IF(P27="","",Q26+P27) -> 4675 | R27: SHADE-A
G28: 46159 | H28: 20 | J28: 24 | K28: 60 | L28: 40 | M28: 40 | N28: 40 | O28: 40 | P28: =IF(G28="","",SUM(K28:O28)) -> 220 | Q28: =IF(P28="","",Q27+P28) -> 4895 | R28: SHADE-A
G29: 46160 | H29: 20 | J29: 25 | K29: 60 | L29: 40 | M29: 40 | N29: 40 | O29: 40 | P29: =IF(G29="","",SUM(K29:O29)) -> 220 | Q29: =IF(P29="","",Q28+P29) -> 5115 | R29: SHADE-A
... G37: 46161 | H37: 20 | J37: 33 | K37: 60 | L37: 40 | M37: 40 | N37: 40 | O37: 40 | P37: =IF(G37="","",SUM(K37:O37)) -> 220 | Q37: =IF(P37="","",Q36+P37) -> 6875 | R37: SHADE-A
G38: 46162 | H38: 18 | J38: 34 | K38: =18*3 -> 54 | L38: 36 | M38: 36 | N38: 36 | O38: 36 | P38: =IF(G38="","",SUM(K38:O38)) -> 198 | Q38: =IF(P38="","",Q37+P38) -> 7073 | R38: SHADE-A
G39: 46162 | H39: 17 | J39: 35 | K39: =17*3 -> 51 | L39: 34 | M39: 34 | N39: 34 | O39: 34 | P39: =IF(G39="","",SUM(K39:O39)) -> 187 | Q39: =IF(P39="","",Q38+P39) -> 7260 | R39: SHADE-A
P40: =IF(G40="","",SUM(K40:O40)) | Q40: =IF(P40="","",Q39+P40)
J41: Total: | K41: =SUM(K5:K40) -> 1980 | L41: =SUM(L5:L40) -> 1320 | M41: =SUM(M5:M40) -> 1320 | N41: =SUM(N5:N40) -> 1320 | O41: =SUM(O5:O40) -> 1320 | P41: =SUM(K41:O41) -> 7260
J42: Excess Cut: | K42: =IF(K3="","",K41-K3) -> 21 | L42: =IF(L3="","",L41-L3) -> 14 | M42: =IF(M3="","",M41-M3) -> 14 | N42: =IF(N3="","",N41-N3) -> 14 | O42: =IF(O3="","",O41-O3) -> 14 | P42: =SUM(K42:O42) -> 77
J43: 32 | K43: =SUM(K5:K36) -> 1815 | L43: =SUM(L5:L36) -> 1210 | M43: =SUM(M5:M36) -> 1210 | N43: =SUM(N5:N36) -> 1210 | O43: =SUM(O5:O36) -> 1210 | P43: =SUM(P5:P36) -> 6655
I44: CUTTING SUMMARY
J45: Size Wise Order Breakdown: | K45: 4242 | L45: 2828 | M45: 2828 | N45: 2828 | O45: 2828 | P45: =SUM(K45:O45) -> 15554
A46: Buyer | B46: Style | C46: P.O No. | D46: Color | E46: P.O Total | F46: Label | G46: Date | H46: Lay Qty | I46: No of Ratio | J46: Cut No. | K46: XS | L46: S | M46: M | N46: L | O46: XL | P46: Total | Q46: Grand Total | R46: REMARKS
A47: GREENSOURCE | B47: SHACKET-G074 | C47: 14222 | D47: HEART PARADE | E47: =P45 -> 15554 | G47: 46162 | H47: 23 | J47: 36 | K47: =23*3 -> 69 | L47: =23*2 -> 46 | M47: =23*2 -> 46 | N47: =23*2 -> 46 | O47: =23*2 -> 46 | P47: =IF(G47="","",SUM(K47:O47)) -> 253 | Q47: =IF(P47="","",P47) -> 253 | R47: SHADE-A,C
A48: FW26 | D48: CREAM | G48: 46162 | H48: 22 | J48: 37 | K48: =22*3 -> 66 | L48: 44 | M48: 44 | N48: 44 | O48: 44 | P48: =IF(G48="","",SUM(K48:O48)) -> 242 | Q48: =IF(P48="","",Q47+P48) -> 495 | R48: SHADE-A
G49: 46163 | H49: 20 | J49: 38 | K49: 60 | L49: 40 | M49: 40 | N49: 40 | O49: 40 | P49: =IF(G49="","",SUM(K49:O49)) -> 220 | Q49: =IF(P49="","",Q48+P49) -> 715 | R49: SHADE-A
G50: 46163 | H50: 20 | J50: 39 | K50: 60 | L50: 40 | M50: 40 | N50: 40 | O50: 40 | P50: =IF(G50="","",SUM(K50:O50)) -> 220 | Q50: =IF(P50="","",Q49+P50) -> 935 | R50: SHADE-A
G51: 46163 | H51: 22 | J51: 40 | K51: 66 | L51: 44 | M51: 44 | N51: 44 | O51: 44 | P51: =IF(G51="","",SUM(K51:O51)) -> 242 | Q51: =IF(P51="","",Q50+P51) -> 1177 | R51: SHADE-A
G52: 46163 | H52: 23 | J52: 41 | K52: =23*3 -> 69 | L52: =23*2 -> 46 | M52: =23*2 -> 46 | N52: =23*2 -> 46 | O52: =23*2 -> 46 | P52: =IF(G52="","",SUM(K52:O52)) -> 253 | Q52: =IF(P52="","",Q51+P52) -> 1430 | R52: SHADE-A
G53: 46163 | H53: 20 | J53: 42 | K53: =20*3 -> 60 | L53: 40 | M53: 40 | N53: 40 | O53: 40 | P53: =IF(G53="","",SUM(K53:O53)) -> 220 | Q53: =IF(P53="","",Q52+P53) -> 1650 | R53: SHADE-A
G54: 46165 | H54: 22 | J54: 43 | K54: 66 | L54: 44 | M54: 44 | N54: 44 | O54: 44 | P54: =IF(G54="","",SUM(K54:O54)) -> 242 | Q54: =IF(P54="","",Q53+P54) -> 1892 | R54: SHADE-A
G55: 46165 | H55: 22 | J55: 44 | K55: 66 | L55: 44 | M55: 44 | N55: 44 | O55: 44 | P55: =IF(G55="","",SUM(K55:O55)) -> 242 | Q55: =IF(P55="","",Q54+P55) -> 2134 | R55: SHADE-A
G56: 46165 | H56: 22 | J56: 45 | K56: 66 | L56: 44 | M56: 44 | N56: 44 | O56: 44 | P56: =IF(G56="","",SUM(K56:O56)) -> 242 | Q56: =IF(P56="","",Q55+P56) -> 2376 | R56: SHADE-A
G57: 46165 | H57: 22 | J57: 46 | K57: 66 | L57: 44 | M57: 44 | N57: 44 | O57: 44 | P57: =IF(G57="","",SUM(K57:O57)) -> 242 | Q57: =IF(P57="","",Q56+P57) -> 2618 | R57: SHADE-A
G58: 46165 | H58: 22 | J58: 47 | K58: 66 | L58: 44 | M58: 44 | N58: 44 | O58: 44 | P58: =IF(G58="","",SUM(K58:O58)) -> 242 | Q58: =IF(P58="","",Q57+P58) -> 2860 | R58: SHADE-A
G59: 46165 | H59: 22 | J59: 48 | K59: 66 | L59: 44 | M59: 44 | N59: 44 | O59: 44 | P59: =IF(G59="","",SUM(K59:O59)) -> 242 | Q59: =IF(P59="","",Q58+P59) -> 3102 | R59: SHADE-A
G60: 46166 | H60: 22 | J60: 49 | K60: 66 | L60: 44 | M60: 44 | N60: 44 | O60: 44 | P60: =IF(G60="","",SUM(K60:O60)) -> 242 | Q60: =IF(P60="","",Q59+P60) -> 3344 | R60: SHADE-A
G61: 46166 | H61: 22 | J61: 50 | K61: 66 | L61: 44 | M61: 44 | N61: 44 | O61: 44 | P61: =IF(G61="","",SUM(K61:O61)) -> 242 | Q61: =IF(P61="","",Q60+P61) -> 3586 | R61: SHADE-A
G62: 46166 | H62: 22 | J62: 51 | K62: 66 | L62: 44 | M62: 44 | N62: 44 | O62: 44 | P62: =IF(G62="","",SUM(K62:O62)) -> 242 | Q62: =IF(P62="","",Q61+P62) -> 3828 | R62: SHADE-A
G63: 46166 | H63: 22 | J63: 52 | K63: 66 | L63: 44 | M63: 44 | N63: 44 | O63: 44 | P63: =IF(G63="","",SUM(K63:O63)) -> 242 | Q63: =IF(P63="","",Q62+P63) -> 4070 | R63: SHADE-A
G64: 46166 | H64: 22 | J64: 53 | K64: 66 | L64: 44 | M64: 44 | N64: 44 | O64: 44 | P64: =IF(G64="","",SUM(K64:O64)) -> 242 | Q64: =IF(P64="","",Q63+P64) -> 4312 | R64: SHADE-A
G65: 46166 | H65: 22 | J65: 54 | K65: 66 | L65: 44 | M65: 44 | N65: 44 | O65: 44 | P65: =IF(G65="","",SUM(K65:O65)) -> 242 | Q65: =IF(P65="","",Q64+P65) -> 4554 | R65: SHADE-A
... G97: 46168 | H97: 22 | J97: 86 | K97: 66 | L97: 44 | M97: 44 | N97: 44 | O97: 44 | P97: =IF(G97="","",SUM(K97:O97)) -> 242 | Q97: =IF(P97="","",Q96+P97) -> 12298 | R97: SHADE-A
G98: 46168 | H98: 18 | J98: 87 | K98: =18*3 -> 54 | L98: 36 | M98: 36 | N98: 36 | O98: 36 | P98: =IF(G98="","",SUM(K98:O98)) -> 198 | Q98: =IF(P98="","",Q97+P98) -> 12496 | R98: SHADE-A
G99: 46180 | H99: 22 | J99: 88 | K99: =22*3 -> 66 | L99: =22*2 -> 44 | M99: =22*2 -> 44 | N99: =22*2 -> 44 | O99: =22*2 -> 44 | P99: =IF(G99="","",SUM(K99:O99)) -> 242 | Q99: =IF(P99="","",Q98+P99) -> 12738 | R99: SHADE-A
G100: 46180 | H100: 22 | J100: 89 | K100: =22*3 -> 66 | L100: =22*2 -> 44 | M100: =22*2 -> 44 | N100: =22*2 -> 44 | O100: =22*2 -> 44 | P100: =IF(G100="","",SUM(K100:O100)) -> 242 | Q100: =IF(P100="","",Q99+P100) -> 12980 | R100: SHADE-A
G101: 46180 | H101: 22 | J101: 90 | K101: =22*3 -> 66 | L101: =22*2 -> 44 | M101: =22*2 -> 44 | N101: =22*2 -> 44 | O101: =22*2 -> 44 | P101: =IF(G101="","",SUM(K101:O101)) -> 242 | Q101: =IF(P101="","",Q100+P101) -> 13222 | R101: SHADE-A
G102: 46180 | H102: 22 | J102: 91 | K102: =22*3 -> 66 | L102: =22*2 -> 44 | M102: =22*2 -> 44 | N102: =22*2 -> 44 | O102: =22*2 -> 44 | P102: =IF(G102="","",SUM(K102:O102)) -> 242 | Q102: =IF(P102="","",Q101+P102) -> 13464 | R102: SHADE-A
G103: 46180 | H103: 22 | J103: 92 | K103: =22*3 -> 66 | L103: =22*2 -> 44 | M103: =22*2 -> 44 | N103: =22*2 -> 44 | O103: =22*2 -> 44 | P103: =IF(G103="","",SUM(K103:O103)) -> 242 | Q103: =IF(P103="","",Q102+P103) -> 13706 | R103: SHADE-A
G104: 46180 | H104: 22 | J104: 93 | K104: =22*3 -> 66 | L104: =22*2 -> 44 | M104: =22*2 -> 44 | N104: =22*2 -> 44 | O104: =22*2 -> 44 | P104: =IF(G104="","",SUM(K104:O104)) -> 242 | Q104: =IF(P104="","",Q103+P104) -> 13948 | R104: SHADE-A
G105: 46181 | H105: 22 | J105: 94 | K105: =22*3 -> 66 | L105: =22*2 -> 44 | M105: =22*2 -> 44 | N105: =22*2 -> 44 | O105: =22*2 -> 44 | P105: =IF(G105="","",SUM(K105:O105)) -> 242 | Q105: =IF(P105="","",Q104+P105) -> 14190 | R105: SHADE-A
G106: 46181 | H106: 19 | J106: 95 | K106: =19*3 -> 57 | L106: 38 | M106: 38 | N106: 38 | O106: 38 | P106: =IF(G106="","",SUM(K106:O106)) -> 209 | Q106: =IF(P106="","",Q105+P106) -> 14399 | R106: SHADE-A
P107: =IF(G107="","",SUM(K107:O107)) | Q107: =IF(P107="","",Q106+P107)
J108: Total: | K108: =SUM(K47:K107) -> 3927 | L108: =SUM(L47:L107) -> 2618 | M108: =SUM(M47:M107) -> 2618 | N108: =SUM(N47:N107) -> 2618 | O108: =SUM(O47:O107) -> 2618 | P108: =SUM(K108:O108) -> 14399
J109: Excess Cut: | K109: =IF(K45="","",K108-K45) -> -315 | L109: =IF(L45="","",L108-L45) -> -210 | M109: =IF(M45="","",M108-M45) -> -210 | N109: =IF(N45="","",N108-N45) -> -210 | O109: =IF(O45="","",O108-O45) -> -210 | P109: =SUM(K109:O109) -> -1155
I111: CUTTING SUMMARY
J112: Size Wise Order Breakdown: | K112: 3918 | L112: 2612 | M112: 2612 | N112: 2612 | O112: 2612 | P112: =SUM(K112:O112) -> 14366 | R112: 46215
A113: Buyer | B113: Style | C113: P.O No. | D113: Color | E113: P.O Total | F113: Label | G113: Date | H113: Lay Qty | I113: No of Ratio | J113: Cut No. | K113: XS | L113: S | M113: M | N113: L | O113: XL | P113: Total | Q113: Grand Total | R113: REMARKS
A114: GREENSOURCE | B114: SHACKET-G074 | C114: 14223 | D114: HEART PARADE | E114: =P112 -> 14366 | G114: 46183 | H114: 22 | J114: 1 | K114: =22*3 -> 66 | L114: =22*2 -> 44 | M114: =22*2 -> 44 | N114: =22*2 -> 44 | O114: =22*2 -> 44 | P114: =IF(G114="","",SUM(K114:O114)) -> 242 | Q114: =IF(P114="","",P114) -> 242 | R114: SHADE-A
A115: FW26 | D115: CREAM | G115: 46183 | H115: 22 | J115: 2 | K115: =22*3 -> 66 | L115: =22*2 -> 44 | M115: =22*2 -> 44 | N115: =22*2 -> 44 | O115: =22*2 -> 44 | P115: =IF(G115="","",SUM(K115:O115)) -> 242 | Q115: =IF(P115="","",Q114+P115) -> 484 | R115: SHADE-A
G116: 46183 | H116: 22 | J116: 3 | K116: =22*3 -> 66 | L116: =22*2 -> 44 | M116: =22*2 -> 44 | N116: =22*2 -> 44 | O116: =22*2 -> 44 | P116: =IF(G116="","",SUM(K116:O116)) -> 242 | Q116: =IF(P116="","",Q115+P116) -> 726 | R116: SHADE-A
G117: 46184 | H117: 22 | J117: 4 | K117: =22*3 -> 66 | L117: =22*2 -> 44 | M117: =22*2 -> 44 | N117: =22*2 -> 44 | O117: =22*2 -> 44 | P117: =IF(G117="","",SUM(K117:O117)) -> 242 | Q117: =IF(P117="","",Q116+P117) -> 968 | R117: SHADE-A
G118: 46184 | H118: 22 | J118: 5 | K118: =22*3 -> 66 | L118: =22*2 -> 44 | M118: =22*2 -> 44 | N118: =22*2 -> 44 | O118: =22*2 -> 44 | P118: =IF(G118="","",SUM(K118:O118)) -> 242 | Q118: =IF(P118="","",Q117+P118) -> 1210 | R118: SHADE-A
G119: 46184 | H119: 22 | J119: 6 | K119: =22*3 -> 66 | L119: =22*2 -> 44 | M119: =22*2 -> 44 | N119: =22*2 -> 44 | O119: =22*2 -> 44 | P119: =IF(G119="","",SUM(K119:O119)) -> 242 | Q119: =IF(P119="","",Q118+P119) -> 1452 | R119: SHADE-A
G120: 46184 | H120: 22 | J120: 7 | K120: =22*3 -> 66 | L120: =22*2 -> 44 | M120: =22*2 -> 44 | N120: =22*2 -> 44 | O120: =22*2 -> 44 | P120: =IF(G120="","",SUM(K120:O120)) -> 242 | Q120: =IF(P120="","",Q119+P120) -> 1694 | R120: SHADE-A
G121: 46184 | H121: 22 | J121: 8 | K121: =22*3 -> 66 | L121: =22*2 -> 44 | M121: =22*2 -> 44 | N121: =22*2 -> 44 | O121: =22*2 -> 44 | P121: =IF(G121="","",SUM(K121:O121)) -> 242 | Q121: =IF(P121="","",Q120+P121) -> 1936 | R121: SHADE-A
G122: 46184 | H122: 22 | J122: 9 | K122: =22*3 -> 66 | L122: =22*2 -> 44 | M122: =22*2 -> 44 | N122: =22*2 -> 44 | O122: =22*2 -> 44 | P122: =IF(G122="","",SUM(K122:O122)) -> 242 | Q122: =IF(P122="","",Q121+P122) -> 2178 | R122: SHADE-A
G123: 46184 | H123: 22 | J123: 10 | K123: =22*3 -> 66 | L123: =22*2 -> 44 | M123: =22*2 -> 44 | N123: =22*2 -> 44 | O123: =22*2 -> 44 | P123: =IF(G123="","",SUM(K123:O123)) -> 242 | Q123: =IF(P123="","",Q122+P123) -> 2420 | R123: SHADE-A
G124: 46184 | H124: 16 | J124: 11 | K124: 48 | L124: 32 | M124: 32 | N124: 32 | O124: 32 | P124: =IF(G124="","",SUM(K124:O124)) -> 176 | Q124: =IF(P124="","",Q123+P124) -> 2596 | R124: SHADE-A
G125: 46186 | H125: 22 | J125: 12 | K125: =22*3 -> 66 | L125: =22*2 -> 44 | M125: =22*2 -> 44 | N125: =22*2 -> 44 | O125: =22*2 -> 44 | P125: =IF(G125="","",SUM(K125:O125)) -> 242 | Q125: =IF(P125="","",Q124+P125) -> 2838 | R125: SHADE-A
G126: 46186 | H126: 22 | J126: 13 | K126: =22*3 -> 66 | L126: =22*2 -> 44 | M126: =22*2 -> 44 | N126: =22*2 -> 44 | O126: =22*2 -> 44 | P126: =IF(G126="","",SUM(K126:O126)) -> 242 | Q126: =IF(P126="","",Q125+P126) -> 3080 | R126: SHADE-A
G127: 46186 | H127: 22 | J127: 14 | K127: =22*3 -> 66 | L127: =22*2 -> 44 | M127: =22*2 -> 44 | N127: =22*2 -> 44 | O127: =22*2 -> 44 | P127: =IF(G127="","",SUM(K127:O127)) -> 242 | Q127: =IF(P127="","",Q126+P127) -> 3322 | R127: SHADE-A
G128: 46186 | H128: 19 | J128: 15 | K128: 57 | L128: 38 | M128: 38 | N128: 38 | O128: 38 | P128: =IF(G128="","",SUM(K128:O128)) -> 209 | Q128: =IF(P128="","",Q127+P128) -> 3531 | R128: SHADE-A
G129: 46186 | H129: 22 | J129: 16 | K129: =22*3 -> 66 | L129: =22*2 -> 44 | M129: =22*2 -> 44 | N129: =22*2 -> 44 | O129: =22*2 -> 44 | P129: =IF(G129="","",SUM(K129:O129)) -> 242 | Q129: =IF(P129="","",Q128+P129) -> 3773 | R129: SHADE-A
G130: 46186 | H130: 22 | J130: 17 | K130: =22*3 -> 66 | L130: =22*2 -> 44 | M130: =22*2 -> 44 | N130: =22*2 -> 44 | O130: =22*2 -> 44 | P130: =IF(G130="","",SUM(K130:O130)) -> 242 | Q130: =IF(P130="","",Q129+P130) -> 4015 | R130: SHADE-A
G131: 46187 | H131: 22 | J131: 18 | K131: =22*3 -> 66 | L131: =22*2 -> 44 | M131: =22*2 -> 44 | N131: =22*2 -> 44 | O131: =22*2 -> 44 | P131: =IF(G131="","",SUM(K131:O131)) -> 242 | Q131: =IF(P131="","",Q130+P131) -> 4257 | R131: SHADE-A
G132: 46187 | H132: 23 | J132: 19 | K132: =23*3 -> 69 | L132: 46 | M132: 46 | N132: 46 | O132: 46 | P132: =IF(G132="","",SUM(K132:O132)) -> 253 | Q132: =IF(P132="","",Q131+P132) -> 4510 | R132: SHADE-A
G133: 46187 | H133: 24 | J133: 20 | K133: =24*3 -> 72 | L133: 48 | M133: 48 | N133: 48 | O133: 48 | P133: =IF(G133="","",SUM(K133:O133)) -> 264 | Q133: =IF(P133="","",Q132+P133) -> 4774 | R133: SHADE-A
G134: 46187 | H134: 22 | J134: 21 | K134: =22*3 -> 66 | L134: =22*2 -> 44 | M134: =22*2 -> 44 | N134: =22*2 -> 44 | O134: =22*2 -> 44 | P134: =IF(G134="","",SUM(K134:O134)) -> 242 | Q134: =IF(P134="","",Q133+P134) -> 5016 | R134: SHADE-A
G135: 46187 | H135: 22 | J135: 22 | K135: =22*3 -> 66 | L135: =22*2 -> 44 | M135: =22*2 -> 44 | N135: =22*2 -> 44 | O135: =22*2 -> 44 | P135: =IF(G135="","",SUM(K135:O135)) -> 242 | Q135: =IF(P135="","",Q134+P135) -> 5258 | R135: SHADE-A
G136: 46187 | H136: 22 | J136: 23 | K136: =22*3 -> 66 | L136: =22*2 -> 44 | M136: =22*2 -> 44 | N136: =22*2 -> 44 | O136: =22*2 -> 44 | P136: =IF(G136="","",SUM(K136:O136)) -> 242 | Q136: =IF(P136="","",Q135+P136) -> 5500 | R136: SHADE-A
G137: 46187 | H137: 22 | J137: 24 | K137: =22*3 -> 66 | L137: =22*2 -> 44 | M137: =22*2 -> 44 | N137: =22*2 -> 44 | O137: =22*2 -> 44 | P137: =IF(G137="","",SUM(K137:O137)) -> 242 | Q137: =IF(P137="","",Q136+P137) -> 5742 | R137: SHADE-A
G138: 46187 | H138: 22 | J138: 25 | K138: =22*3 -> 66 | L138: =22*2 -> 44 | M138: =22*2 -> 44 | N138: =22*2 -> 44 | O138: =22*2 -> 44 | P138: =IF(G138="","",SUM(K138:O138)) -> 242 | Q138: =IF(P138="","",Q137+P138) -> 5984 | R138: SHADE-A
G139: 46188 | H139: 22 | J139: 26 | K139: =22*3 -> 66 | L139: =22*2 -> 44 | M139: =22*2 -> 44 | N139: =22*2 -> 44 | O139: =22*2 -> 44 | P139: =IF(G139="","",SUM(K139:O139)) -> 242 | Q139: =IF(P139="","",Q138+P139) -> 6226 | R139: SHADE-A
...

Sheet WANDER IKAT
I1: SILVER COMPOSITE TEXTILE MILS LIMITETD. (UNIT-01)
I2: CUTTING SUMMARY
J3: Size Wise Order Breakdown: | K3: 1306 | L3: 1306 | M3: 1306 | N3: 1959 | O3: 1306 | P3: =SUM(K3:O3) -> 7183
A4: Buyer | B4: Style | C4: P.O No. | D4: Color | E4: P.O Total | F4: Label | G4: Date | H4: Lay Qty | I4: No of Ratio | J4: Cut No. | K4: XS | L4: S | M4: M | N4: L | O4: XL | P4: Total | Q4: Grand Total | R4: REMARKS
A5: GREENSOURCE | B5: SHACKET-G074 | C5: 14220 | D5: WANDER IKAT | E5: =P3 -> 7183 | G5: 46152 | H5: 19 | J5: 1 | K5: =19*2 -> 38 | L5: =19*2 -> 38 | M5: =19*2 -> 38 | N5: =19*3 -> 57 | O5: =19*2 -> 38 | P5: =IF(G5="","",SUM(K5:O5)) -> 209 | Q5: =IF(P5="","",P5) -> 209 | R5: SHADE-A
A6: FW26 | D6: BLUE | G6: 46153 | H6: 15 | J6: 2 | K6: =15*2 -> 30 | L6: =15*2 -> 30 | M6: =15*2 -> 30 | N6: =15*3 -> 45 | O6: =15*2 -> 30 | P6: =IF(G6="","",SUM(K6:O6)) -> 165 | Q6: =IF(P6="","",Q5+P6) -> 374 | R6: SHADE-A
G7: 46153 | H7: 15 | J7: 3 | K7: =15*2 -> 30 | L7: =15*2 -> 30 | M7: =15*2 -> 30 | N7: =15*3 -> 45 | O7: =15*2 -> 30 | P7: =IF(G7="","",SUM(K7:O7)) -> 165 | Q7: =IF(P7="","",Q6+P7) -> 539 | R7: SHADE-A
G8: 46154 | H8: 17 | J8: 4 | K8: 34 | L8: 34 | M8: 34 | N8: 51 | O8: 34 | P8: =IF(G8="","",SUM(K8:O8)) -> 187 | Q8: =IF(P8="","",Q7+P8) -> 726 | R8: SHADE-A
G9: 46154 | H9: 18 | J9: 5 | K9: 36 | L9: 36 | M9: 36 | N9: 54 | O9: 36 | P9: =IF(G9="","",SUM(K9:O9)) -> 198 | Q9: =IF(P9="","",Q8+P9) -> 924 | R9: SHADE-A
G10: 46155 | H10: 15 | J10: 6 | K10: 30 | L10: 30 | M10: 30 | N10: 45 | O10: 30 | P10: =IF(G10="","",SUM(K10:O10)) -> 165 | Q10: =IF(P10="","",Q9+P10) -> 1089 | R10: SHADE-A
G11: 46155 | H11: 15 | J11: 7 | K11: 30 | L11: 30 | M11: 30 | N11: 45 | O11: 30 | P11: =IF(G11="","",SUM(K11:O11)) -> 165 | Q11: =IF(P11="","",Q10+P11) -> 1254 | R11: SHADE-A
G12: 46155 | H12: 15 | J12: 8 | K12: 30 | L12: 30 | M12: 30 | N12: 45 | O12: 30 | P12: =IF(G12="","",SUM(K12:O12)) -> 165 | Q12: =IF(P12="","",Q11+P12) -> 1419 | R12: SHADE-A
G13: 46155 | H13: 20 | J13: 9 | K13: 40 | L13: 40 | M13: 40 | N13: 60 | O13: 40 | P13: =IF(G13="","",SUM(K13:O13)) -> 220 | Q13: =IF(P13="","",Q12+P13) -> 1639 | R13: SHADE-A
G14: 46155 | H14: 20 | J14: 10 | K14: 40 | L14: 40 | M14: 40 | N14: 60 | O14: 40 | P14: =IF(G14="","",SUM(K14:O14)) -> 220 | Q14: =IF(P14="","",Q13+P14) -> 1859 | R14: SHADE-A
G15: 46156 | H15: 20 | J15: 11 | K15: 40 | L15: 40 | M15: 40 | N15: 60 | O15: 40 | P15: =IF(G15="","",SUM(K15:O15)) -> 220 | Q15: =IF(P15="","",Q14+P15) -> 2079 | R15: SHADE-A
G16: 46156 | H16: 20 | J16: 12 | K16: 40 | L16: 40 | M16: 40 | N16: 60 | O16: 40 | P16: =IF(G16="","",SUM(K16:O16)) -> 220 | Q16: =IF(P16="","",Q15+P16) -> 2299 | R16: SHADE-A
G17: 46156 | H17: 20 | J17: 13 | K17: 40 | L17: 40 | M17: 40 | N17: 60 | O17: 40 | P17: =IF(G17="","",SUM(K17:O17)) -> 220 | Q17: =IF(P17="","",Q16+P17) -> 2519 | R17: SHADE-A
G18: 46156 | H18: 20 | J18: 14 | K18: 40 | L18: 40 | M18: 40 | N18: 60 | O18: 40 | P18: =IF(G18="","",SUM(K18:O18)) -> 220 | Q18: =IF(P18="","",Q17+P18) -> 2739 | R18: SHADE-A
G19: 46158 | H19: 20 | J19: 15 | K19: 40 | L19: 40 | M19: 40 | N19: 60 | O19: 40 | P19: =IF(G19="","",SUM(K19:O19)) -> 220 | Q19: =IF(P19="","",Q18+P19) -> 2959 | R19: SHADE-A
... G21: 46158 | H21: 20 | J21: 17 | K21: 40 | L21: 40 | M21: 40 | N21: 60 | O21: 40 | P21: =IF(G21="","",SUM(K21:O21)) -> 220 | Q21: =IF(P21="","",Q20+P21) -> 3399 | R21: SHADE-A
G22: 46158 | H22: 20 | J22: 18 | K22: =20*2 -> 40 | L22: =20*2 -> 40 | M22: =20*2 -> 40 | N22: 60 | O22: =20*2 -> 40 | P22: =IF(G22="","",SUM(K22:O22)) -> 220 | Q22: =IF(P22="","",Q21+P22) -> 3619 | R22: SHADE-A
G23: 46158 | H23: 20 | J23: 19 | K23: 40 | L23: 40 | M23: 40 | N23: 60 | O23: 40 | P23: =IF(G23="","",SUM(K23:O23)) -> 220 | Q23: =IF(P23="","",Q22+P23) -> 3839 | R23: SHADE-A
G24: 46158 | H24: 20 | J24: 20 | K24: =20*2 -> 40 | L24: =20*2 -> 40 | M24: =20*2 -> 40 | N24: 60 | O24: =20*2 -> 40 | P24: =IF(G24="","",SUM(K24:O24)) -> 220 | Q24: =IF(P24="","",Q23+P24) -> 4059 | R24: SHADE-A
G25: 46159 | H25: 20 | J25: 21 | K25: 40 | L25: 40 | M25: 40 | N25: 60 | O25: 40 | P25: =IF(G25="","",SUM(K25:O25)) -> 220 | Q25: =IF(P25="","",Q24+P25) -> 4279 | R25: SHADE-A
G26: 46159 | H26: 20 | J26: 22 | K26: 40 | L26: 40 | M26: 40 | N26: 60 | O26: 40 | P26: =IF(G26="","",SUM(K26:O26)) -> 220 | Q26: =IF(P26="","",Q25+P26) -> 4499 | R26: SHADE-A
G27: 46159 | H27: 20 | J27: 23 | K27: 40 | L27: 40 | M27: 40 | N27: 60 | O27: 40 | P27: =IF(G27="","",SUM(K27:O27)) -> 220 | Q27: =IF(P27="","",Q26+P27) -> 4719 | R27: SHADE-A
G28: 46159 | H28: 20 | J28: 24 | K28: 40 | L28: 40 | M28: 40 | N28: 60 | O28: 40 | P28: =IF(G28="","",SUM(K28:O28)) -> 220 | Q28: =IF(P28="","",Q27+P28) -> 4939 | R28: SHADE-A
G29: 46159 | H29: 20 | J29: 25 | K29: 40 | L29: 40 | M29: 40 | N29: 60 | O29: 40 | P29: =IF(G29="","",SUM(K29:O29)) -> 220 | Q29: =IF(P29="","",Q28+P29) -> 5159 | R29: SHADE-A
G30: 46159 | H30: 20 | J30: 26 | K30: 40 | L30: 40 | M30: 40 | N30: 60 | O30: 40 | P30: =IF(G30="","",SUM(K30:O30)) -> 220 | Q30: =IF(P30="","",Q29+P30) -> 5379 | R30: SHADE-A
G31: 46160 | H31: 20 | J31: 27 | K31: 40 | L31: 40 | M31: 40 | N31: 60 | O31: 40 | P31: =IF(G31="","",SUM(K31:O31)) -> 220 | Q31: =IF(P31="","",Q30+P31) -> 5599 | R31: SHADE-A
G32: 46160 | H32: 20 | J32: 28 | K32: 40 | L32: 40 | M32: 40 | N32: 60 | O32: 40 | P32: =IF(G32="","",SUM(K32:O32)) -> 220 | Q32: =IF(P32="","",Q31+P32) -> 5819 | R32: SHADE-A
G33: 46160 | H33: 20 | J33: 29 | K33: 40 | L33: 40 | M33: 40 | N33: 60 | O33: 40 | P33: =IF(G33="","",SUM(K33:O33)) -> 220 | Q33: =IF(P33="","",Q32+P33) -> 6039 | R33: SHADE-A
G34: 46160 | H34: 20 | J34: 30 | K34: 40 | L34: 40 | M34: 40 | N34: 60 | O34: 40 | P34: =IF(G34="","",SUM(K34:O34)) -> 220 | Q34: =IF(P34="","",Q33+P34) -> 6259 | R34: SHADE-A
G35: 46160 | H35: 20 | J35: 31 | K35: 40 | L35: 40 | M35: 40 | N35: 60 | O35: 40 | P35: =IF(G35="","",SUM(K35:O35)) -> 220 | Q35: =IF(P35="","",Q34+P35) -> 6479 | R35: SHADE-A
G36: 46160 | H36: 20 | J36: 32 | K36: 40 | L36: 40 | M36: 40 | N36: 60 | O36: 40 | P36: =IF(G36="","",SUM(K36:O36)) -> 220 | Q36: =IF(P36="","",Q35+P36) -> 6699 | R36: SHADE-A
... G38: 46161 | H38: 20 | J38: 34 | K38: 40 | L38: 40 | M38: 40 | N38: 60 | O38: 40 | P38: =IF(G38="","",SUM(K38:O38)) -> 220 | Q38: =IF(P38="","",Q37+P38) -> 7139 | R38: SHADE-A
G39: 46161 | H39: 11 | J39: 35 | K39: 22 | L39: 22 | M39: 22 | N39: =11*3 -> 33 | O39: 22 | P39: =IF(G39="","",SUM(K39:O39)) -> 121 | Q39: =IF(P39="","",Q38+P39) -> 7260 | R39: SHADE-A
P40: =IF(G40="","",SUM(K40:O40)) | Q40: =IF(P40="","",Q39+P40)
J41: Total: | K41: =SUM(K5:K40) -> 1320 | L41: =SUM(L5:L40) -> 1320 | M41: =SUM(M5:M40) -> 1320 | N41: =SUM(N5:N40) -> 1980 | O41: =SUM(O5:O40) -> 1320 | P41: =SUM(K41:O41) -> 7260
J42: Excess Cut: | K42: =IF(K3="","",K41-K3) -> 14 | L42: =IF(L3="","",L41-L3) -> 14 | M42: =IF(M3="","",M41-M3) -> 14 | N42: =IF(N3="","",N41-N3) -> 21 | O42: =IF(O3="","",O41-O3) -> 14 | P42: =SUM(K42:O42) -> 77
J43: 42 | K43: =SUM(K5:K39) -> 1320 | L43: =SUM(L5:L39) -> 1320 | M43: =SUM(M5:M39) -> 1320 | N43: =SUM(N5:N39) -> 1980 | O43: =SUM(O5:O39) -> 1320 | P43: =SUM(P5:P39) -> 7260
I44: CUTTING SUMMARY
J45: Size Wise Order Breakdown: | K45: 2828 | L45: 2828 | M45: 2828 | N45: 4242 | O45: 2828 | P45: =SUM(K45:O45) -> 15554
A46: Buyer | B46: Style | C46: P.O No. | D46: Color | E46: P.O Total | F46: Label | G46: Date | H46: Lay Qty | I46: No of Ratio | J46: Cut No. | K46: XS | L46: S | M46: M | N46: L | O46: XL | P46: Total | Q46: Grand Total | R46: REMARKS
A47: GREENSOURCE | B47: SHACKET-G074 | C47: 14222 | D47: WANDER IKAT | E47: =P45 -> 15554 | G47: 46161 | H47: 20 | J47: 36 | K47: =20*2 -> 40 | L47: =20*2 -> 40 | M47: =20*2 -> 40 | N47: =20*3 -> 60 | O47: =20*2 -> 40 | P47: =IF(G47="","",SUM(K47:O47)) -> 220 | Q47: =IF(P47="","",P47) -> 220 | R47: SHADE-A
A48: FW26 | D48: BLUE | G48: 46161 | H48: 20 | J48: 37 | K48: =20*2 -> 40 | L48: =20*2 -> 40 | M48: =20*2 -> 40 | N48: =20*3 -> 60 | O48: =20*2 -> 40 | P48: =IF(G48="","",SUM(K48:O48)) -> 220 | Q48: =IF(P48="","",Q47+P48) -> 440 | R48: SHADE-A
G49: 46161 | H49: 20 | J49: 38 | K49: =20*2 -> 40 | L49: =20*2 -> 40 | M49: =20*2 -> 40 | N49: =20*3 -> 60 | O49: =20*2 -> 40 | P49: =IF(G49="","",SUM(K49:O49)) -> 220 | Q49: =IF(P49="","",Q48+P49) -> 660 | R49: SHADE-A
G50: 46161 | H50: 20 | J50: 39 | K50: =20*2 -> 40 | L50: =20*2 -> 40 | M50: =20*2 -> 40 | N50: =20*3 -> 60 | O50: =20*2 -> 40 | P50: =IF(G50="","",SUM(K50:O50)) -> 220 | Q50: =IF(P50="","",Q49+P50) -> 880 | R50: SHADE-A
G51: 46161 | H51: 20 | J51: 40 | K51: =20*2 -> 40 | L51: =20*2 -> 40 | M51: =20*2 -> 40 | N51: =20*3 -> 60 | O51: =20*2 -> 40 | P51: =IF(G51="","",SUM(K51:O51)) -> 220 | Q51: =IF(P51="","",Q50+P51) -> 1100 | R51: SHADE-A
G52: 46161 | H52: 20 | J52: 41 | K52: =20*2 -> 40 | L52: =20*2 -> 40 | M52: =20*2 -> 40 | N52: =20*3 -> 60 | O52: =20*2 -> 40 | P52: =IF(G52="","",SUM(K52:O52)) -> 220 | Q52: =IF(P52="","",Q51+P52) -> 1320 | R52: SHADE-A
G53: 46161 | H53: 20 | J53: 42 | K53: =20*2 -> 40 | L53: =20*2 -> 40 | M53: =20*2 -> 40 | N53: =20*3 -> 60 | O53: =20*2 -> 40 | P53: =IF(G53="","",SUM(K53:O53)) -> 220 | Q53: =IF(P53="","",Q52+P53) -> 1540 | R53: SHADE-A
G54: 46161 | H54: 20 | J54: 43 | K54: =20*2 -> 40 | L54: =20*2 -> 40 | M54: =20*2 -> 40 | N54: =20*3 -> 60 | O54: =20*2 -> 40 | P54: =IF(G54="","",SUM(K54:O54)) -> 220 | Q54: =IF(P54="","",Q53+P54) -> 1760 | R54: SHADE-A
G55: 46161 | H55: 20 | J55: 44 | K55: =20*2 -> 40 | L55: =20*2 -> 40 | M55: =20*2 -> 40 | N55: =20*3 -> 60 | O55: =20*2 -> 40 | P55: =IF(G55="","",SUM(K55:O55)) -> 220 | Q55: =IF(P55="","",Q54+P55) -> 1980 | R55: SHADE-A
G56: 46162 | H56: 20 | J56: 45 | K56: =20*2 -> 40 | L56: =20*2 -> 40 | M56: =20*2 -> 40 | N56: =20*3 -> 60 | O56: =20*2 -> 40 | P56: =IF(G56="","",SUM(K56:O56)) -> 220 | Q56: =IF(P56="","",Q55+P56) -> 2200 | R56: SHADE-A
G57: 46162 | H57: 20 | J57: 46 | K57: =20*2 -> 40 | L57: =20*2 -> 40 | M57: =20*2 -> 40 | N57: =20*3 -> 60 | O57: =20*2 -> 40 | P57: =IF(G57="","",SUM(K57:O57)) -> 220 | Q57: =IF(P57="","",Q56+P57) -> 2420 | R57: SHADE-A
G58: 46162 | H58: 20 | J58: 47 | K58: 40 | L58: 40 | M58: 40 | N58: 60 | O58: 40 | P58: =IF(G58="","",SUM(K58:O58)) -> 220 | Q58: =IF(P58="","",Q57+P58) -> 2640 | R58: SHADE-A
G59: 46162 | H59: 20 | J59: 48 | K59: =20*2 -> 40 | L59: =20*2 -> 40 | M59: =20*2 -> 40 | N59: =20*3 -> 60 | O59: =20*2 -> 40 | P59: =IF(G59="","",SUM(K59:O59)) -> 220 | Q59: =IF(P59="","",Q58+P59) -> 2860 | R59: SHADE-A
G60: 46162 | H60: 20 | J60: 49 | K60: 40 | L60: 40 | M60: 40 | N60: 60 | O60: 40 | P60: =IF(G60="","",SUM(K60:O60)) -> 220 | Q60: =IF(P60="","",Q59+P60) -> 3080 | R60: SHADE-A
G61: 46162 | H61: 20 | J61: 50 | K61: =20*2 -> 40 | L61: =20*2 -> 40 | M61: =20*2 -> 40 | N61: =20*3 -> 60 | O61: =20*2 -> 40 | P61: =IF(G61="","",SUM(K61:O61)) -> 220 | Q61: =IF(P61="","",Q60+P61) -> 3300 | R61: SHADE-A
G62: 46162 | H62: 20 | J62: 51 | K62: 40 | L62: 40 | M62: 40 | N62: 60 | O62: 40 | P62: =IF(G62="","",SUM(K62:O62)) -> 220 | Q62: =IF(P62="","",Q61+P62) -> 3520 | R62: SHADE-A
G63: 46163 | H63: 20 | J63: 52 | K63: =20*2 -> 40 | L63: =20*2 -> 40 | M63: =20*2 -> 40 | N63: =20*3 -> 60 | O63: =20*2 -> 40 | P63: =IF(G63="","",SUM(K63:O63)) -> 220 | Q63: =IF(P63="","",Q62+P63) -> 3740 | R63: SHADE-A
G64: 46163 | H64: 20 | J64: 53 | K64: 40 | L64: 40 | M64: 40 | N64: 60 | O64: 40 | P64: =IF(G64="","",SUM(K64:O64)) -> 220 | Q64: =IF(P64="","",Q63+P64) -> 3960 | R64: SHADE-A
G65: 46163 | H65: 20 | J65: 54 | K65: =20*2 -> 40 | L65: =20*2 -> 40 | M65: =20*2 -> 40 | N65: =20*3 -> 60 | O65: =20*2 -> 40 | P65: =IF(G65="","",SUM(K65:O65)) -> 220 | Q65: =IF(P65="","",Q64+P65) -> 4180 | R65: SHADE-A
G66: 46163 | H66: 20 | J66: 55 | K66: 40 | L66: 40 | M66: 40 | N66: 60 | O66: 40 | P66: =IF(G66="","",SUM(K66:O66)) -> 220 | Q66: =IF(P66="","",Q65+P66) -> 4400 | R66: SHADE-A
G67: 46163 | H67: 20 | J67: 56 | K67: =20*2 -> 40 | L67: =20*2 -> 40 | M67: =20*2 -> 40 | N67: =20*3 -> 60 | O67: =20*2 -> 40 | P67: =IF(G67="","",SUM(K67:O67)) -> 220 | Q67: =IF(P67="","",Q66+P67) -> 4620 | R67: SHADE-A
G68: 46163 | H68: 20 | J68: 57 | K68: =20*2 -> 40 | L68: =20*2 -> 40 | M68: =20*2 -> 40 | N68: =20*3 -> 60 | O68: =20*2 -> 40 | P68: =IF(G68="","",SUM(K68:O68)) -> 220 | Q68: =IF(P68="","",Q67+P68) -> 4840 | R68: SHADE-A
G69: 46165 | H69: 20 | J69: 58 | K69: =20*2 -> 40 | L69: =20*2 -> 40 | M69: =20*2 -> 40 | N69: =20*3 -> 60 | O69: =20*2 -> 40 | P69: =IF(G69="","",SUM(K69:O69)) -> 220 | Q69: =IF(P69="","",Q68+P69) -> 5060 | R69: SHADE-A
G70: 46165 | H70: 20 | J70: 59 | K70: =20*2 -> 40 | L70: =20*2 -> 40 | M70: =20*2 -> 40 | N70: =20*3 -> 60 | O70: =20*2 -> 40 | P70: =IF(G70="","",SUM(K70:O70)) -> 220 | Q70: =IF(P70="","",Q69+P70) -> 5280 | R70: SHADE-A
G71: 46165 | H71: 20 | J71: 60 | K71: =20*2 -> 40 | L71: =20*2 -> 40 | M71: =20*2 -> 40 | N71: =20*3 -> 60 | O71: =20*2 -> 40 | P71: =IF(G71="","",SUM(K71:O71)) -> 220 | Q71: =IF(P71="","",Q70+P71) -> 5500 | R71: SHADE-A
G72: 46165 | H72: 20 | J72: 61 | K72: =20*2 -> 40 | L72: =20*2 -> 40 | M72: =20*2 -> 40 | N72: =20*3 -> 60 | O72: =20*2 -> 40 | P72: =IF(G72="","",SUM(K72:O72)) -> 220 | Q72: =IF(P72="","",Q71+P72) -> 5720 | R72: SHADE-A
G73: 46165 | H73: 20 | J73: 62 | K73: =20*2 -> 40 | L73: =20*2 -> 40 | M73: =20*2 -> 40 | N73: =20*3 -> 60 | O73: =20*2 -> 40 | P73: =IF(G73="","",SUM(K73:O73)) -> 220 | Q73: =IF(P73="","",Q72+P73) -> 5940 | R73: SHADE-A
G74: 46165 | H74: 20 | J74: 63 | K74: =20*2 -> 40 | L74: =20*2 -> 40 | M74: =20*2 -> 40 | N74: =20*3 -> 60 | O74: =20*2 -> 40 | P74: =IF(G74="","",SUM(K74:O74)) -> 220 | Q74: =IF(P74="","",Q73+P74) -> 6160 | R74: SHADE-A
G75: 46165 | H75: 20 | J75: 64 | K75: =20*2 -> 40 | L75: =20*2 -> 40 | M75: =20*2 -> 40 | N75: =20*3 -> 60 | O75: =20*2 -> 40 | P75: =IF(G75="","",SUM(K75:O75)) -> 220 | Q75: =IF(P75="","",Q74+P75) -> 6380 | R75: SHADE-A
G76: 46165 | H76: 20 | J76: 65 | K76: =20*2 -> 40 | L76: =20*2 -> 40 | M76: =20*2 -> 40 | N76: =20*3 -> 60 | O76: =20*2 -> 40 | P76: =IF(G76="","",SUM(K76:O76)) -> 220 | Q76: =IF(P76="","",Q75+P76) -> 6600 | R76: SHADE-A
G77: 46166 | H77: 20 | J77: 66 | K77: =20*2 -> 40 | L77: =20*2 -> 40 | M77: =20*2 -> 40 | N77: =20*3 -> 60 | O77: =20*2 -> 40 | P77: =IF(G77="","",SUM(K77:O77)) -> 220 | Q77: =IF(P77="","",Q76+P77) -> 6820 | R77: SHADE-A
G78: 46166 | H78: 18 | J78: 67 | K78: 36 | L78: 36 | M78: 36 | N78: 54 | O78: 36 | P78: =IF(G78="","",SUM(K78:O78)) -> 198 | Q78: =IF(P78="","",Q77+P78) -> 7018 | R78: SHADE-A
G79: 46166 | H79: 20 | J79: 68 | K79: =20*2 -> 40 | L79: =20*2 -> 40 | M79: =20*2 -> 40 | N79: =20*3 -> 60 | O79: =20*2 -> 40 | P79: =IF(G79="","",SUM(K79:O79)) -> 220 | Q79: =IF(P79="","",Q78+P79) -> 7238 | R79: SHADE-A
G80: 46166 | H80: 20 | J80: 69 | K80: =20*2 -> 40 | L80: =20*2 -> 40 | M80: =20*2 -> 40 | N80: =20*3 -> 60 | O80: =20*2 -> 40 | P80: =IF(G80="","",SUM(K80:O80)) -> 220 | Q80: =IF(P80="","",Q79+P80) -> 7458 | R80: SHADE-A
G81: 46166 | H81: 20 | J81: 70 | K81: =20*2 -> 40 | L81: =20*2 -> 40 | M81: =20*2 -> 40 | N81: =20*3 -> 60 | O81: =20*2 -> 40 | P81: =IF(G81="","",SUM(K81:O81)) -> 220 | Q81: =IF(P81="","",Q80+P81) -> 7678 | R81: SHADE-A
G82: 46166 | H82: 20 | J82: 71 | K82: =20*2 -> 40 | L82: =20*2 -> 40 | M82: =20*2 -> 40 | N82: =20*3 -> 60 | O82: =20*2 -> 40 | P82: =IF(G82="","",SUM(K82:O82)) -> 220 | Q82: =IF(P82="","",Q81+P82) -> 7898 | R82: SHADE-A
G83: 46166 | H83: 20 | J83: 72 | K83: =20*2 -> 40 | L83: =20*2 -> 40 | M83: =20*2 -> 40 | N83: =20*3 -> 60 | O83: =20*2 -> 40 | P83: =IF(G83="","",SUM(K83:O83)) -> 220 | Q83: =IF(P83="","",Q82+P83) -> 8118 | R83: SHADE-A
G84: 46166 | H84: 20 | J84: 73 | K84: =20*2 -> 40 | L84: =20*2 -> 40 | M84: =20*2 -> 40 | N84: =20*3 -> 60 | O84: =20*2 -> 40 | P84: =IF(G84="","",SUM(K84:O84)) -> 220 | Q84: =IF(P84="","",Q83+P84) -> 8338 | R84: SHADE-A
G85: 46166 | H85: 20 | J85: 74 | K85: =20*2 -> 40 | L85: =20*2 -> 40 | M85: =20*2 -> 40 | N85: =20*3 -> 60 | O85: =20*2 -> 40 | P85: =IF(G85="","",SUM(K85:O85)) -> 220 | Q85: =IF(P85="","",Q84+P85) -> 8558 | R85: SHADE-A
G86: 46166 | H86: 20 | J86: 75 | K86: =20*2 -> 40 | L86: =20*2 -> 40 | M86: =20*2 -> 40 | N86: =20*3 -> 60 | O86: =20*2 -> 40 | P86: =IF(G86="","",SUM(K86:O86)) -> 220 | Q86: =IF(P86="","",Q85+P86) -> 8778 | R86: SHADE-A
G87: 46166 | H87: 20 | J87: 76 | K87: =20*2 -> 40 | L87: =20*2 -> 40 | M87: =20*2 -> 40 | N87: =20*3 -> 60 | O87: =20*2 -> 40 | P87: =IF(G87="","",SUM(K87:O87)) -> 220 | Q87: =IF(P87="","",Q86+P87) -> 8998 | R87: SHADE-A
G88: 46166 | H88: 20 | J88: 77 | K88: =20*2 -> 40 | L88: =20*2 -> 40 | M88: =20*2 -> 40 | N88: =20*3 -> 60 | O88: =20*2 -> 40 | P88: =IF(G88="","",SUM(K88:O88)) -> 220 | Q88: =IF(P88="","",Q87+P88) -> 9218 | R88: SHADE-A
G89: 46166 | H89: 15 | J89: 78 | K89: 30 | L89: 30 | M89: 30 | N89: 45 | O89: 30 | P89: =IF(G89="","",SUM(K89:O89)) -> 165 | Q89: =IF(P89="","",Q88+P89) -> 9383 | R89: SHADE-A
G90: 46166 | H90: 20 | J90: 79 | K90: =20*2 -> 40 | L90: =20*2 -> 40 | M90: =20*2 -> 40 | N90: =20*3 -> 60 | O90: =20*2 -> 40 | P90: =IF(G90="","",SUM(K90:O90)) -> 220 | Q90: =IF(P90="","",Q89+P90) -> 9603 | R90: SHADE-A
G91: 46166 | H91: 22 | J91: 80 | K91: 44 | L91: 44 | M91: 44 | N91: =44+22 -> 66 | O91: 44 | P91: =IF(G91="","",SUM(K91:O91)) -> 242 | Q91: =IF(P91="","",Q90+P91) -> 9845 | R91: SHADE-A
G92: 46167 | H92: 20 | J92: 81 | K92: =20*2 -> 40 | L92: =20*2 -> 40 | M92: =20*2 -> 40 | N92: =20*3 -> 60 | O92: =20*2 -> 40 | P92: =IF(G92="","",SUM(K92:O92)) -> 220 | Q92: =IF(P92="","",Q91+P92) -> 10065 | R92: SHADE-A
G93: 46167 | H93: 20 | J93: 82 | K93: =20*2 -> 40 | L93: =20*2 -> 40 | M93: =20*2 -> 40 | N93: =20*3 -> 60 | O93: =20*2 -> 40 | P93: =IF(G93="","",SUM(K93:O93)) -> 220 | Q93: =IF(P93="","",Q92+P93) -> 10285 | R93: SHADE-A
G94: 46167 | H94: 20 | J94: 83 | K94: =20*2 -> 40 | L94: =20*2 -> 40 | M94: =20*2 -> 40 | N94: =20*3 -> 60 | O94: =20*2 -> 40 | P94: =IF(G94="","",SUM(K94:O94)) -> 220 | Q94: =IF(P94="","",Q93+P94) -> 10505 | R94: SHADE-A
G95: 46167 | H95: 20 | J95: 84 | K95: =20*2 -> 40 | L95: =20*2 -> 40 | M95: =20*2 -> 40 | N95: =20*3 -> 60 | O95: =20*2 -> 40 | P95: =IF(G95="","",SUM(K95:O95)) -> 220 | Q95: =IF(P95="","",Q94+P95) -> 10725 | R95: SHADE-A
G96: 46167 | H96: 18 | J96: 85 | K96: 36 | L96: 36 | M96: 36 | N96: =18*3 -> 54 | O96: 36 | P96: =IF(G96="","",SUM(K96:O96)) -> 198 | Q96: =IF(P96="","",Q95+P96) -> 10923 | R96: SHADE-A
G97: 46167 | H97: 20 | J97: 86 | K97: =20*2 -> 40 | L97: =20*2 -> 40 | M97: =20*2 -> 40 | N97: =20*3 -> 60 | O97: =20*2 -> 40 | P97: =IF(G97="","",SUM(K97:O97)) -> 220 | Q97: =IF(P97="","",Q96+P97) -> 11143 | R97: SHADE-A
G98: 46167 | H98: 20 | J98: 87 | K98: =20*2 -> 40 | L98: =20*2 -> 40 | M98: =20*2 -> 40 | N98: =20*3 -> 60 | O98: =20*2 -> 40 | P98: =IF(G98="","",SUM(K98:O98)) -> 220 | Q98: =IF(P98="","",Q97+P98) -> 11363 | R98: SHADE-A
G99: 46167 | H99: 20 | J99: 88 | K99: =20*2 -> 40 | L99: =20*2 -> 40 | M99: =20*2 -> 40 | N99: =20*3 -> 60 | O99: =20*2 -> 40 | P99: =IF(G99="","",SUM(K99:O99)) -> 220 | Q99: =IF(P99="","",Q98+P99) -> 11583 | R99: SHADE-A
G100: 46167 | H100: 20 | J100: 89 | K100: =20*2 -> 40 | L100: =20*2 -> 40 | M100: =20*2 -> 40 | N100: =20*3 -> 60 | O100: =20*2 -> 40 | P100: =IF(G100="","",SUM(K100:O100)) -> 220 | Q100: =IF(P100="","",Q99+P100) -> 11803 | R100: SHADE-A
G101: 46167 | H101: 20 | J101: 90 | K101: =20*2 -> 40 | L101: =20*2 -> 40 | M101: =20*2 -> 40 | N101: =20*3 -> 60 | O101: =20*2 -> 40 | P101: =IF(G101="","",SUM(K101:O101)) -> 220 | Q101: =IF(P101="","",Q100+P101) -> 12023 | R101: SHADE-A
G102: 46167 | H102: 20 | J102: 91 | K102: =20*2 -> 40 | L102: =20*2 -> 40 | M102: =20*2 -> 40 | N102: =20*3 -> 60 | O102: =20*2 -> 40 | P102: =IF(G102="","",SUM(K102:O102)) -> 220 | Q102: =IF(P102="","",Q101+P102) -> 12243 | R102: SHADE-A
...

Sheet WILD ONE
I1: SILVER COMPOSITE TEXTILE MILS LIMITETD. (UNIT-01)
I2: CUTTING SUMMARY
J3: Size Wise Order Breakdown: | K3: 1306 | L3: 1306 | M3: 1959 | N3: 1959 | O3: 1306 | P3: =SUM(K3:O3) -> 7836
A4: Buyer | B4: Style | C4: P.O No. | D4: Color | E4: P.O Total | F4: Label | G4: Date | H4: Lay Qty | I4: No of Ratio | J4: Cut No. | K4: XS | L4: S | M4: M | N4: L | O4: XL | P4: Total | Q4: Grand Total | R4: REMARKS
A5: GREENSOURCE | B5: SHACKET-G074 | C5: 14220 | D5: WILD ONE | E5: =P3 -> 7836 | G5: 46152 | H5: 15 | J5: 1 | K5: 30 | L5: 30 | M5: 45 | N5: 45 | O5: 30 | P5: =IF(G5="","",SUM(K5:O5)) -> 180 | Q5: =IF(P5="","",P5) -> 180 | R5: SHADE-A
A6: FW26 | D6: BROWN | G6: 46153 | H6: 16 | J6: 2 | K6: 32 | L6: 32 | M6: 48 | N6: 48 | O6: 32 | P6: =IF(G6="","",SUM(K6:O6)) -> 192 | Q6: =IF(P6="","",Q5+P6) -> 372 | R6: SHADE-A
G7: 46154 | H7: 18 | J7: 3 | K7: 36 | L7: 36 | M7: =18*3 -> 54 | N7: =18*3 -> 54 | O7: 36 | P7: =IF(G7="","",SUM(K7:O7)) -> 216 | Q7: =IF(P7="","",Q6+P7) -> 588 | R7: SHADE-A
G8: 46154 | H8: 18 | J8: 4 | K8: 36 | L8: 36 | M8: =18*3 -> 54 | N8: =18*3 -> 54 | O8: 36 | P8: =IF(G8="","",SUM(K8:O8)) -> 216 | Q8: =IF(P8="","",Q7+P8) -> 804 | R8: SHADE-A
G9: 46154 | H9: 18 | J9: 5 | K9: 36 | L9: 36 | M9: 54 | N9: 54 | O9: 36 | P9: =IF(G9="","",SUM(K9:O9)) -> 216 | Q9: =IF(P9="","",Q8+P9) -> 1020 | R9: SHADE-A
G10: 46154 | H10: 18 | J10: 6 | K10: 36 | L10: 36 | M10: 54 | N10: 54 | O10: 36 | P10: =IF(G10="","",SUM(K10:O10)) -> 216 | Q10: =IF(P10="","",Q9+P10) -> 1236 | R10: SHADE-A
G11: 46154 | H11: 18 | J11: 7 | K11: 36 | L11: 36 | M11: 54 | N11: 54 | O11: 36 | P11: =IF(G11="","",SUM(K11:O11)) -> 216 | Q11: =IF(P11="","",Q10+P11) -> 1452 | R11: SHADE-A
G12: 46155 | H12: 18 | J12: 8 | K12: 36 | L12: 36 | M12: 54 | N12: 54 | O12: 36 | P12: =IF(G12="","",SUM(K12:O12)) -> 216 | Q12: =IF(P12="","",Q11+P12) -> 1668 | R12: SHADE-A
G13: 46155 | H13: 20 | J13: 9 | K13: =20*2 -> 40 | L13: =20*2 -> 40 | M13: =20*3 -> 60 | N13: =20*3 -> 60 | O13: =20*2 -> 40 | P13: =IF(G13="","",SUM(K13:O13)) -> 240 | Q13: =IF(P13="","",Q12+P13) -> 1908 | R13: SHADE-A
G14: 46156 | H14: 18 | J14: 10 | K14: 36 | L14: 36 | M14: =18*3 -> 54 | N14: =18*3 -> 54 | O14: =18*2 -> 36 | P14: =IF(G14="","",SUM(K14:O14)) -> 216 | Q14: =IF(P14="","",Q13+P14) -> 2124 | R14: SHADE-A
G15: 46156 | H15: 20 | J15: 11 | K15: 40 | L15: 40 | M15: 60 | N15: 60 | O15: 40 | P15: =IF(G15="","",SUM(K15:O15)) -> 240 | Q15: =IF(P15="","",Q14+P15) -> 2364 | R15: SHADE-A
G16: 46156 | H16: 20 | J16: 12 | K16: 40 | L16: 40 | M16: 60 | N16: 60 | O16: 40 | P16: =IF(G16="","",SUM(K16:O16)) -> 240 | Q16: =IF(P16="","",Q15+P16) -> 2604 | R16: SHADE-A
G17: 46156 | H17: 20 | J17: 13 | K17: 40 | L17: 40 | M17: 60 | N17: 60 | O17: 40 | P17: =IF(G17="","",SUM(K17:O17)) -> 240 | Q17: =IF(P17="","",Q16+P17) -> 2844 | R17: SHADE-A
G18: 46156 | H18: 20 | J18: 14 | K18: 40 | L18: 40 | M18: 60 | N18: 60 | O18: 40 | P18: =IF(G18="","",SUM(K18:O18)) -> 240 | Q18: =IF(P18="","",Q17+P18) -> 3084 | R18: SHADE-A
G19: 46156 | H19: 20 | J19: 15 | K19: 40 | L19: 40 | M19: 60 | N19: 60 | O19: 40 | P19: =IF(G19="","",SUM(K19:O19)) -> 240 | Q19: =IF(P19="","",Q18+P19) -> 3324 | R19: SHADE-A
G20: 46158 | H20: 20 | J20: 16 | K20: 40 | L20: 40 | M20: 60 | N20: 60 | O20: 40 | P20: =IF(G20="","",SUM(K20:O20)) -> 240 | Q20: =IF(P20="","",Q19+P20) -> 3564 | R20: SHADE-A
G21: 46158 | H21: 20 | J21: 17 | K21: 40 | L21: 40 | M21: 60 | N21: 60 | O21: 40 | P21: =IF(G21="","",SUM(K21:O21)) -> 240 | Q21: =IF(P21="","",Q20+P21) -> 3804 | R21: SHADE-A
G22: 46158 | H22: 20 | J22: 18 | K22: 40 | L22: 40 | M22: 60 | N22: 60 | O22: 40 | P22: =IF(G22="","",SUM(K22:O22)) -> 240 | Q22: =IF(P22="","",Q21+P22) -> 4044 | R22: SHADE-A
G23: 46158 | H23: 20 | J23: 19 | K23: 40 | L23: 40 | M23: 60 | N23: 60 | O23: 40 | P23: =IF(G23="","",SUM(K23:O23)) -> 240 | Q23: =IF(P23="","",Q22+P23) -> 4284 | R23: SHADE-A
G24: 46159 | H24: 20 | J24: 20 | K24: 40 | L24: 40 | M24: 60 | N24: 60 | O24: 40 | P24: =IF(G24="","",SUM(K24:O24)) -> 240 | Q24: =IF(P24="","",Q23+P24) -> 4524 | R24: SHADE-A
G25: 46159 | H25: 20 | J25: 21 | K25: 40 | L25: 40 | M25: 60 | N25: 60 | O25: 40 | P25: =IF(G25="","",SUM(K25:O25)) -> 240 | Q25: =IF(P25="","",Q24+P25) -> 4764 | R25: SHADE-A
G26: 46159 | H26: 20 | J26: 22 | K26: 40 | L26: 40 | M26: 60 | N26: 60 | O26: 40 | P26: =IF(G26="","",SUM(K26:O26)) -> 240 | Q26: =IF(P26="","",Q25+P26) -> 5004 | R26: SHADE-A
... G38: 46162 | H38: 21 | J38: 34 | K38: 42 | L38: 42 | M38: 63 | N38: 63 | O38: 42 | P38: =IF(G38="","",SUM(K38:O38)) -> 252 | Q38: =IF(P38="","",Q37+P38) -> 7920 | R38: SHADE-A
P39: =IF(G39="","",SUM(K39:O39)) | Q39: =IF(P39="","",Q38+P39)
J40: Total: | K40: =SUM(K5:K39) -> 1320 | L40: =SUM(L5:L39) -> 1320 | M40: =SUM(M5:M39) -> 1980 | N40: =SUM(N5:N39) -> 1980 | O40: =SUM(O5:O39) -> 1320 | P40: =SUM(K40:O40) -> 7920
J41: Excess Cut: | K41: =IF(K3="","",K40-K3) -> 14 | L41: =IF(L3="","",L40-L3) -> 14 | M41: =IF(M3="","",M40-M3) -> 21 | N41: =IF(N3="","",N40-N3) -> 21 | O41: =IF(O3="","",O40-O3) -> 14 | P41: =SUM(K41:O41) -> 84
J42: 28 | K42: =SUM(K5:K32) -> 1074 | L42: =SUM(L5:L32) -> 1074 | M42: =SUM(M5:M32) -> 1611 | N42: =SUM(N5:N32) -> 1611 | O42: =SUM(O5:O32) -> 1074 | P42: =SUM(P5:P32) -> 6444
I43: CUTTING SUMMARY
J44: Size Wise Order Breakdown: | K44: 2828 | L44: 2828 | M44: 4242 | N44: 4242 | O44: 2828 | P44: =SUM(K44:O44) -> 16968
A45: Buyer | B45: Style | C45: P.O No. | D45: Color | E45: P.O Total | F45: Label | G45: Date | H45: Lay Qty | I45: No of Ratio | J45: Cut No. | K45: XS | L45: S | M45: M | N45: L | O45: XL | P45: Total | Q45: Grand Total | R45: REMARKS
A46: GREENSOURCE | B46: SHACKET-G074 | C46: 14222 | D46: WILD ONE | E46: =P44 -> 16968 | G46: 46162 | H46: 22 | J46: 35 | K46: =22*2 -> 44 | L46: =22*2 -> 44 | M46: =22*3 -> 66 | N46: =22*3 -> 66 | O46: =22*2 -> 44 | P46: =IF(G46="","",SUM(K46:O46)) -> 264 | Q46: =IF(P46="","",P46) -> 264 | R46: SHADE-A
A47: FW26 | D47: BROWN | G47: 43971 | H47: 20 | J47: 36 | K47: 40 | L47: 40 | M47: 60 | N47: 60 | O47: 40 | P47: =IF(G47="","",SUM(K47:O47)) -> 240 | Q47: =IF(P47="","",Q46+P47) -> 504 | R47: SHADE-A
G48: 46163 | H48: 20 | J48: 37 | K48: 40 | L48: 40 | M48: 60 | N48: 60 | O48: 40 | P48: =IF(G48="","",SUM(K48:O48)) -> 240 | Q48: =IF(P48="","",Q47+P48) -> 744 | R48: SHADE-A
G49: 46163 | H49: 20 | J49: 38 | K49: 40 | L49: 40 | M49: 60 | N49: 60 | O49: 40 | P49: =IF(G49="","",SUM(K49:O49)) -> 240 | Q49: =IF(P49="","",Q48+P49) -> 984 | R49: SHADE-A
G50: 46163 | H50: 20 | J50: 39 | K50: =20*2 -> 40 | L50: =20*2 -> 40 | M50: 60 | N50: 60 | O50: =20*2 -> 40 | P50: =IF(G50="","",SUM(K50:O50)) -> 240 | Q50: =IF(P50="","",Q49+P50) -> 1224 | R50: SHADE-A
G51: 46165 | H51: 20 | J51: 40 | K51: 40 | L51: 40 | M51: 60 | N51: 60 | O51: 40 | P51: =IF(G51="","",SUM(K51:O51)) -> 240 | Q51: =IF(P51="","",Q50+P51) -> 1464 | R51: SHADE-A
G52: 46165 | H52: 20 | J52: 41 | K52: 40 | L52: 40 | M52: 60 | N52: 60 | O52: 40 | P52: =IF(G52="","",SUM(K52:O52)) -> 240 | Q52: =IF(P52="","",Q51+P52) -> 1704 | R52: SHADE-A
G53: 46165 | H53: 20 | J53: 42 | K53: 40 | L53: 40 | M53: 60 | N53: 60 | O53: 40 | P53: =IF(G53="","",SUM(K53:O53)) -> 240 | Q53: =IF(P53="","",Q52+P53) -> 1944 | R53: SHADE-A
G54: 46166 | H54: 20 | J54: 43 | K54: 40 | L54: 40 | M54: 60 | N54: 60 | O54: 40 | P54: =IF(G54="","",SUM(K54:O54)) -> 240 | Q54: =IF(P54="","",Q53+P54) -> 2184 | R54: SHADE-A
G55: 46166 | H55: 20 | J55: 44 | K55: 40 | L55: 40 | M55: 60 | N55: 60 | O55: 40 | P55: =IF(G55="","",SUM(K55:O55)) -> 240 | Q55: =IF(P55="","",Q54+P55) -> 2424 | R55: SHADE-A
G56: 46166 | H56: 20 | J56: 45 | K56: 40 | L56: 40 | M56: 60 | N56: 60 | O56: 40 | P56: =IF(G56="","",SUM(K56:O56)) -> 240 | Q56: =IF(P56="","",Q55+P56) -> 2664 | R56: SHADE-A
G57: 46166 | H57: 20 | J57: 46 | K57: 40 | L57: 40 | M57: 60 | N57: 60 | O57: 40 | P57: =IF(G57="","",SUM(K57:O57)) -> 240 | Q57: =IF(P57="","",Q56+P57) -> 2904 | R57: SHADE-A
G58: 46166 | H58: 20 | J58: 47 | K58: 40 | L58: 40 | M58: 60 | N58: 60 | O58: 40 | P58: =IF(G58="","",SUM(K58:O58)) -> 240 | Q58: =IF(P58="","",Q57+P58) -> 3144 | R58: SHADE-A
G59: 46166 | H59: 20 | J59: 48 | K59: 40 | L59: 40 | M59: 60 | N59: 60 | O59: 40 | P59: =IF(G59="","",SUM(K59:O59)) -> 240 | Q59: =IF(P59="","",Q58+P59) -> 3384 | R59: SHADE-A
G60: 46166 | H60: 20 | J60: 49 | K60: 40 | L60: 40 | M60: 60 | N60: 60 | O60: 40 | P60: =IF(G60="","",SUM(K60:O60)) -> 240 | Q60: =IF(P60="","",Q59+P60) -> 3624 | R60: SHADE-A
G61: 46166 | H61: 20 | J61: 50 | K61: 40 | L61: 40 | M61: 60 | N61: 60 | O61: 40 | P61: =IF(G61="","",SUM(K61:O61)) -> 240 | Q61: =IF(P61="","",Q60+P61) -> 3864 | R61: SHADE-A
G62: 46166 | H62: 20 | J62: 51 | K62: 40 | L62: 40 | M62: 60 | N62: 60 | O62: 40 | P62: =IF(G62="","",SUM(K62:O62)) -> 240 | Q62: =IF(P62="","",Q61+P62) -> 4104 | R62: SHADE-A
... G116: 46182 | H116: 22 | J116: 6 | K116: 44 | L116: 44 | M116: 66 | N116: 66 | O116: 44 | P116: =IF(G116="","",SUM(K116:O116)) -> 264 | Q116: =IF(P116="","",Q115+P116) -> 16884 | R116: SHADE-A
G117: 46182 | H117: 21 | J117: 7 | K117: 42 | L117: 42 | M117: =21*3 -> 63 | N117: =21*3 -> 63 | O117: =21*2 -> 42 | P117: =IF(G117="","",SUM(K117:O117)) -> 252 | Q117: =IF(P117="","",Q116+P117) -> 17136 | R117: SHADE-A
P118: =IF(G118="","",SUM(K118:O118)) | Q118: =IF(P118="","",Q117+P118)
J119: Total: | K119: =SUM(K46:K118) -> 2856 | L119: =SUM(L46:L118) -> 2856 | M119: =SUM(M46:M118) -> 4284 | N119: =SUM(N46:N118) -> 4284 | O119: =SUM(O46:O118) -> 2856 | P119: =SUM(K119:O119) -> 17136
J120: Excess Cut: | K120: =IF(K44="","",K119-K44) -> 28 | L120: =IF(L44="","",L119-L44) -> 28 | M120: =IF(M44="","",M119-M44) -> 42 | N120: =IF(N44="","",N119-N44) -> 42 | O120: =IF(O44="","",O119-O44) -> 28 | P120: =SUM(K120:O120) -> 168
I122: CUTTING SUMMARY
J123: Size Wise Order Breakdown: | K123: 2612 | L123: 2612 | M123: 3918 | N123: 3918 | O123: 2612 | P123: =SUM(K123:O123) -> 15672 | R123: 46215
A124: Buyer | B124: Style | C124: P.O No. | D124: Color | E124: P.O Total | F124: Label | G124: Date | H124: Lay Qty | I124: No of Ratio | J124: Cut No. | K124: XS | L124: S | M124: M | N124: L | O124: XL | P124: Total | Q124: Grand Total | R124: REMARKS
A125: GREENSOURCE | B125: SHACKET-G074 | C125: 14223 | D125: WILD ONE | E125: =P123 -> 15672 | G125: 46183 | H125: 20 | J125: 8 | K125: 40 | L125: 40 | M125: 60 | N125: 60 | O125: 40 | P125: =IF(G125="","",SUM(K125:O125)) -> 240 | Q125: =IF(P125="","",P125) -> 240 | R125: SHADE-A
A126: FW26 | D126: BROWN | G126: 46183 | H126: 20 | J126: 9 | K126: 40 | L126: 40 | M126: 60 | N126: 60 | O126: 40 | P126: =IF(G126="","",SUM(K126:O126)) -> 240 | Q126: =IF(P126="","",Q125+P126) -> 480 | R126: SHADE-A
G127: 46183 | H127: 20 | J127: 10 | K127: 40 | L127: 40 | M127: 60 | N127: 60 | O127: 40 | P127: =IF(G127="","",SUM(K127:O127)) -> 240 | Q127: =IF(P127="","",Q126+P127) -> 720 | R127: SHADE-A
G128: 46184 | H128: 20 | J128: 11 | K128: 40 | L128: 40 | M128: 60 | N128: 60 | O128: 40 | P128: =IF(G128="","",SUM(K128:O128)) -> 240 | Q128: =IF(P128="","",Q127+P128) -> 960 | R128: SHADE-A
G129: 46184 | H129: 20 | J129: 12 | K129: 40 | L129: 40 | M129: 60 | N129: 60 | O129: 40 | P129: =IF(G129="","",SUM(K129:O129)) -> 240 | Q129: =IF(P129="","",Q128+P129) -> 1200 | R129: SHADE-A
G130: 46184 | H130: 20 | J130: 13 | K130: 40 | L130: 40 | M130: 60 | N130: 60 | O130: 40 | P130: =IF(G130="","",SUM(K130:O130)) -> 240 | Q130: =IF(P130="","",Q129+P130) -> 1440 | R130: SHADE-A
G131: 46184 | H131: 20 | J131: 14 | K131: 40 | L131: 40 | M131: 60 | N131: 60 | O131: 40 | P131: =IF(G131="","",SUM(K131:O131)) -> 240 | Q131: =IF(P131="","",Q130+P131) -> 1680 | R131: SHADE-A
G132: 46184 | H132: 20 | J132: 15 | K132: 40 | L132: 40 | M132: 60 | N132: 60 | O132: 40 | P132: =IF(G132="","",SUM(K132:O132)) -> 240 | Q132: =IF(P132="","",Q131+P132) -> 1920 | R132: SHADE-A
G133: 46184 | H133: 20 | J133: 16 | K133: 40 | L133: 40 | M133: 60 | N133: 60 | O133: 40 | P133: =IF(G133="","",SUM(K133:O133)) -> 240 | Q133: =IF(P133="","",Q132+P133) -> 2160 | R133: SHADE-A
G134: 46184 | H134: 20 | J134: 17 | K134: 40 | L134: 40 | M134: 60 | N134: 60 | O134: 40 | P134: =IF(G134="","",SUM(K134:O134)) -> 240 | Q134: =IF(P134="","",Q133+P134) -> 2400 | R134: SHADE-A
G135: 46184 | H135: 20 | J135: 18 | K135: 40 | L135: 40 | M135: 60 | N135: 60 | O135: 40 | P135: =IF(G135="","",SUM(K135:O135)) -> 240 | Q135: =IF(P135="","",Q134+P135) -> 2640 | R135: SHADE-A
G136: 46184 | H136: 20 | J136: 19 | K136: 40 | L136: 40 | M136: 60 | N136: 60 | O136: 40 | P136: =IF(G136="","",SUM(K136:O136)) -> 240 | Q136: =IF(P136="","",Q135+P136) -> 2880 | R136: SHADE-A
G137: 46188 | H137: 20 | J137: 20 | K137: 40 | L137: 40 | M137: 60 | N137: 60 | O137: 40 | P137: =IF(G137="","",SUM(K137:O137)) -> 240 | Q137: =IF(P137="","",Q136+P137) -> 3120 | R137: SHADE-A
G138: 46190 | H138: 20 | J138: 21 | K138: 40 | L138: 40 | M138: 60 | N138: 60 | O138: 40 | P138: =IF(G138="","",SUM(K138:O138)) -> 240 | Q138: =IF(P138="","",Q137+P138) -> 3360 | R138: SHADE-A
... G189: 46195 | H189: 20 | J189: 72 | K189: 40 | L189: 40 | M189: 60 | N189: 60 | O189: 40 | P189: =IF(G189="","",SUM(K189:O189)) -> 240 | Q189: =IF(P189="","",Q188+P189) -> 15600 | R189: SHADE-A
G190: 46195 | H190: 19 | J190: 73 | K190: 38 | L190: 38 | M190: 57 | N190: =19*3 -> 57 | O190: 38 | P190: =IF(G190="","",SUM(K190:O190)) -> 228 | Q190: =IF(P190="","",Q189+P190) -> 15828 | R190: SHADE-A
P191: =IF(G191="","",SUM(K191:O191)) | Q191: =IF(P191="","",Q190+P191)
J192: Total: | K192: =SUM(K125:K191) -> 2638 | L192: =SUM(L125:L191) -> 2638 | M192: =SUM(M125:M191) -> 3957 | N192: =SUM(N125:N191) -> 3957 | O192: =SUM(O125:O191) -> 2638 | P192: =SUM(K192:O192) -> 15828
J193: Excess Cut: | K193: =IF(K123="","",K192-K123) -> 26 | L193: =IF(L123="","",L192-L123) -> 26 | M193: =IF(M123="","",M192-M123) -> 39 | N193: =IF(N123="","",N192-N123) -> 39 | O193: =IF(O123="","",O192-O123) -> 26 | P193: =SUM(K193:O193) -> 156
I195: CUTTING SUMMARY
J196: Size Wise Order Breakdown: | K196: 2612 | L196: 2612 | M196: 3918 | N196: 3918 | O196: 2612 | P196: =SUM(K196:O196) -> 15672 | R196: 46215
A197: Buyer | B197: Style | C197: P.O No. | D197: Color | E197: P.O Total | F197: Label | G197: Date | H197: Lay Qty | I197: No of Ratio | J197: Cut No. | K197: XS | L197: S | M197: M | N197: L | O197: XL | P197: Total | Q197: Grand Total | R197: REMARKS
A198: GREENSOURCE | B198: SHACKET-G074 | C198: 14225 | D198: WILD ONE | E198: =P196 -> 15672 | G198: 46196 | H198: 20 | J198: 74 | K198: 40 | L198: 40 | M198: 60 | N198: 60 | O198: 40 | P198: =IF(G198="","",SUM(K198:O198)) -> 240 | Q198: =IF(P198="","",P198) -> 240 | R198: SHADE-A
A199: FW26 | D199: BROWN | G199: 46196 | H199: 20 | J199: 75 | K199: 40 | L199: 40 | M199: 60 | N199: 60 | O199: 40 | P199: =IF(G199="","",SUM(K199:O199)) -> 240 | Q199: =IF(P199="","",Q198+P199) -> 480 | R199: SHADE-A
G200: 46196 | H200: 20 | J200: 76 | K200: 40 | L200: 40 | M200: 60 | N200: 60 | O200: 40 | P200: =IF(G200="","",SUM(K200:O200)) -> 240 | Q200: =IF(P200="","",Q199+P200) -> 720 | R200: SHADE-A
G201: 46196 | H201: 20 | J201: 77 | K201: 40 | L201: 40 | M201: 60 | N201: 60 | O201: 40 | P201: =IF(G201="","",SUM(K201:O201)) -> 240 | Q201: =IF(P201="","",Q200+P201) -> 960 | R201: SHADE-A
G202: 46196 | H202: 20 | J202: 78 | K202: 40 | L202: 40 | M202: 60 | N202: 60 | O202: 40 | P202: =IF(G202="","",SUM(K202:O202)) -> 240 | Q202: =IF(P202="","",Q201+P202) -> 1200 | R202: SHADE-A
G203: 46196 | H203: 20 | J203: 79 | K203: 40 | L203: 40 | M203: 60 | N203: 60 | O203: 40 | P203: =IF(G203="","",SUM(K203:O203)) -> 240 | Q203: =IF(P203="","",Q202+P203) -> 1440 | R203: SHADE-A
G204: 46197 | H204: 20 | J204: 80 | K204: 40 | L204: 40 | M204: 60 | N204: 60 | O204: 40 | P204: =IF(G204="","",SUM(K204:O204)) -> 240 | Q204: =IF(P204="","",Q203+P204) -> 1680 | R204: SHADE-A
G205: 46197 | H205: 20 | J205: 81 | K205: 40 | L205: 40 | M205: 60 | N205: 60 | O205: 40 | P205: =IF(G205="","",SUM(K205:O205)) -> 240 | Q205: =IF(P205="","",Q204+P205) -> 1920 | R205: SHADE-A
G206: 46197 | H206: 20 | J206: 82 | K206: 40 | L206: 40 | M206: 60 | N206: 60 | O206: 40 | P206: =IF(G206="","",SUM(K206:O206)) -> 240 | Q206: =IF(P206="","",Q205+P206) -> 2160 | R206: SHADE-A
G207: 46197 | H207: 20 | J207: 83 | K207: 40 | L207: 40 | M207: 60 | N207: 60 | O207: 40 | P207: =IF(G207="","",SUM(K207:O207)) -> 240 | Q207: =IF(P207="","",Q206+P207) -> 2400 | R207: SHADE-A
G208: 46197 | H208: 20 | J208: 84 | K208: 40 | L208: 40 | M208: 60 | N208: 60 | O208: 40 | P208: =IF(G208="","",SUM(K208:O208)) -> 240 | Q208: =IF(P208="","",Q207+P208) -> 2640 | R208: SHADE-A
G209: 46197 | H209: 20 | J209: 85 | K209: 40 | L209: 40 | M209: 60 | N209: 60 | O209: 40 | P209: =IF(G209="","",SUM(K209:O209)) -> 240 | Q209: =IF(P209="","",Q208+P209) -> 2880 | R209: SHADE-A
G210: 46197 | H210: 20 | J210: 86 | K210: 40 | L210: 40 | M210: 60 | N210: 60 | O210: 40 | P210: =IF(G210="","",SUM(K210:O210)) -> 240 | Q210: =IF(P210="","",Q209+P210) -> 3120 | R210: SHADE-A
G211: 46197 | H211: 20 | J211: 87 | K211: 40 | L211: 40 | M211: 60 | N211: 60 | O211: 40 | P211: =IF(G211="","",SUM(K211:O211)) -> 240 | Q211: =IF(P211="","",Q210+P211) -> 3360 | R211: SHADE-A
... G232: 46202 | H232: 20 | J232: 9 | K232: 40 | L232: 40 | M232: 60 | N232: 60 | O232: 40 | P232: =IF(G232="","",SUM(K232:O232)) -> 240 | Q232: =IF(P232="","",Q231+P232) -> 8400 | R232: SHADE-A
P233: =IF(G233="","",SUM(K233:O233)) | Q233: =IF(P233="","",Q232+P233)
P234: =IF(G234="","",SUM(K234:O234)) | Q234: =IF(P234="","",Q233+P234)
P235: =IF(G235="","",SUM(K235:O235)) | Q235: =IF(P235="","",Q228+P235)
J236: Total: | K236: =SUM(K198:K235) -> 1400 | L236: =SUM(L198:L235) -> 1400 | M236: =SUM(M198:M235) -> 2100 | N236: =SUM(N198:N235) -> 2100 | O236: =SUM(O198:O235) -> 1400 | P236: =SUM(K236:O236) -> 8400
...
